[{"model": "contenttypes.contenttype", "pk": 1, "fields": {"app_label": "admin", "model": "logentry"}}, {"model": "contenttypes.contenttype", "pk": 2, "fields": {"app_label": "auth", "model": "permission"}}, {"model": "contenttypes.contenttype", "pk": 3, "fields": {"app_label": "auth", "model": "group"}}, {"model": "contenttypes.contenttype", "pk": 4, "fields": {"app_label": "auth", "model": "user"}}, {"model": "contenttypes.contenttype", "pk": 5, "fields": {"app_label": "contenttypes", "model": "contenttype"}}, {"model": "contenttypes.contenttype", "pk": 6, "fields": {"app_label": "sessions", "model": "session"}}, {"model": "contenttypes.contenttype", "pk": 7, "fields": {"app_label": "blog", "model": "blogtype"}}, {"model": "contenttypes.contenttype", "pk": 8, "fields": {"app_label": "blog", "model": "blog"}}, {"model": "contenttypes.contenttype", "pk": 9, "fields": {"app_label": "blog", "model": "readnum"}}, {"model": "contenttypes.contenttype", "pk": 10, "fields": {"app_label": "read_statistics", "model": "readnum"}}, {"model": "contenttypes.contenttype", "pk": 11, "fields": {"app_label": "read_statistics", "model": "readdetail"}}, {"model": "contenttypes.contenttype", "pk": 12, "fields": {"app_label": "comment", "model": "comment"}}, {"model": "contenttypes.contenttype", "pk": 13, "fields": {"app_label": "likes", "model": "likerecord"}}, {"model": "contenttypes.contenttype", "pk": 14, "fields": {"app_label": "likes", "model": "likecount"}}, {"model": "contenttypes.contenttype", "pk": 15, "fields": {"app_label": "user", "model": "profile"}}, {"model": "sessions.session", "pk": "01p6hjnzb3ogn43zr7cehwiwqev6c3r5", "fields": {"session_data": "OTU0ZmFjYzNkNDRmMWIyMWFiMGExMmI3ZmZmNzIzOWNiNDdjZjc4YTp7Il9hdXRoX3VzZXJfaWQiOiIxIiwiX2F1dGhfdXNlcl9iYWNrZW5kIjoiZGphbmdvLmNvbnRyaWIuYXV0aC5iYWNrZW5kcy5Nb2RlbEJhY2tlbmQiLCJfYXV0aF91c2VyX2hhc2giOiI4Y2IwZDFiNDg1NWJjOWI1MGU1MGI5ZWVhNGI3YTA5OGRkMDQ5MDk5In0=", "expire_date": "2018-07-19T08:01:02.089Z"}}, {"model": "sessions.session", "pk": "14vabh1hv227yx0xobew83q8bp2qkpfk", "fields": {"session_data": "OTU0ZmFjYzNkNDRmMWIyMWFiMGExMmI3ZmZmNzIzOWNiNDdjZjc4YTp7Il9hdXRoX3VzZXJfaWQiOiIxIiwiX2F1dGhfdXNlcl9iYWNrZW5kIjoiZGphbmdvLmNvbnRyaWIuYXV0aC5iYWNrZW5kcy5Nb2RlbEJhY2tlbmQiLCJfYXV0aF91c2VyX2hhc2giOiI4Y2IwZDFiNDg1NWJjOWI1MGU1MGI5ZWVhNGI3YTA5OGRkMDQ5MDk5In0=", "expire_date": "2018-07-12T07:51:12.207Z"}}, {"model": "sessions.session", "pk": "2ecy7pxu6we8wfju1bt1xkhc7of8cicl", "fields": {"session_data": "OTU0ZmFjYzNkNDRmMWIyMWFiMGExMmI3ZmZmNzIzOWNiNDdjZjc4YTp7Il9hdXRoX3VzZXJfaWQiOiIxIiwiX2F1dGhfdXNlcl9iYWNrZW5kIjoiZGphbmdvLmNvbnRyaWIuYXV0aC5iYWNrZW5kcy5Nb2RlbEJhY2tlbmQiLCJfYXV0aF91c2VyX2hhc2giOiI4Y2IwZDFiNDg1NWJjOWI1MGU1MGI5ZWVhNGI3YTA5OGRkMDQ5MDk5In0=", "expire_date": "2018-06-20T14:14:39.035Z"}}, {"model": "sessions.session", "pk": "2grhzza1ykttc4o9euoqms9a31whz4f0", "fields": {"session_data": "MWY0YWVkZmE0NTA3OWY4MWQzNTEzM2YyODM5ZWRlMzRjMTc3ZWZmNzp7fQ==", "expire_date": "2018-07-12T02:13:47.981Z"}}, {"model": "sessions.session", "pk": "49r5anwbltt1bda2dl1qhd4kmc4op70i", "fields": {"session_data": "OTU0ZmFjYzNkNDRmMWIyMWFiMGExMmI3ZmZmNzIzOWNiNDdjZjc4YTp7Il9hdXRoX3VzZXJfaWQiOiIxIiwiX2F1dGhfdXNlcl9iYWNrZW5kIjoiZGphbmdvLmNvbnRyaWIuYXV0aC5iYWNrZW5kcy5Nb2RlbEJhY2tlbmQiLCJfYXV0aF91c2VyX2hhc2giOiI4Y2IwZDFiNDg1NWJjOWI1MGU1MGI5ZWVhNGI3YTA5OGRkMDQ5MDk5In0=", "expire_date": "2018-07-23T05:50:57.860Z"}}, {"model": "sessions.session", "pk": "6y4imho7vngvcjm6mzuz1b0a1q47hvyp", "fields": {"session_data": "OTU0ZmFjYzNkNDRmMWIyMWFiMGExMmI3ZmZmNzIzOWNiNDdjZjc4YTp7Il9hdXRoX3VzZXJfaWQiOiIxIiwiX2F1dGhfdXNlcl9iYWNrZW5kIjoiZGphbmdvLmNvbnRyaWIuYXV0aC5iYWNrZW5kcy5Nb2RlbEJhY2tlbmQiLCJfYXV0aF91c2VyX2hhc2giOiI4Y2IwZDFiNDg1NWJjOWI1MGU1MGI5ZWVhNGI3YTA5OGRkMDQ5MDk5In0=", "expire_date": "2018-12-03T08:34:37.708Z"}}, {"model": "sessions.session", "pk": "74qgnpb4cqase6js3oth2ue9b50u9d1j", "fields": {"session_data": "OTU0ZmFjYzNkNDRmMWIyMWFiMGExMmI3ZmZmNzIzOWNiNDdjZjc4YTp7Il9hdXRoX3VzZXJfaWQiOiIxIiwiX2F1dGhfdXNlcl9iYWNrZW5kIjoiZGphbmdvLmNvbnRyaWIuYXV0aC5iYWNrZW5kcy5Nb2RlbEJhY2tlbmQiLCJfYXV0aF91c2VyX2hhc2giOiI4Y2IwZDFiNDg1NWJjOWI1MGU1MGI5ZWVhNGI3YTA5OGRkMDQ5MDk5In0=", "expire_date": "2018-07-19T06:06:25.070Z"}}, {"model": "sessions.session", "pk": "7d51qeryoiam3t2ttxim700b0rcvvpqr", "fields": {"session_data": "OTU0ZmFjYzNkNDRmMWIyMWFiMGExMmI3ZmZmNzIzOWNiNDdjZjc4YTp7Il9hdXRoX3VzZXJfaWQiOiIxIiwiX2F1dGhfdXNlcl9iYWNrZW5kIjoiZGphbmdvLmNvbnRyaWIuYXV0aC5iYWNrZW5kcy5Nb2RlbEJhY2tlbmQiLCJfYXV0aF91c2VyX2hhc2giOiI4Y2IwZDFiNDg1NWJjOWI1MGU1MGI5ZWVhNGI3YTA5OGRkMDQ5MDk5In0=", "expire_date": "2018-06-04T08:03:08.844Z"}}, {"model": "sessions.session", "pk": "9dmgrtq9ya53aw8151yd093w1rs7mwtk", "fields": {"session_data": "OTU0ZmFjYzNkNDRmMWIyMWFiMGExMmI3ZmZmNzIzOWNiNDdjZjc4YTp7Il9hdXRoX3VzZXJfaWQiOiIxIiwiX2F1dGhfdXNlcl9iYWNrZW5kIjoiZGphbmdvLmNvbnRyaWIuYXV0aC5iYWNrZW5kcy5Nb2RlbEJhY2tlbmQiLCJfYXV0aF91c2VyX2hhc2giOiI4Y2IwZDFiNDg1NWJjOWI1MGU1MGI5ZWVhNGI3YTA5OGRkMDQ5MDk5In0=", "expire_date": "2018-05-22T12:31:06.776Z"}}, {"model": "sessions.session", "pk": "g6ktj0icbwmx0fdc1gjaa4ltighyfojc", "fields": {"session_data": "MWY0YWVkZmE0NTA3OWY4MWQzNTEzM2YyODM5ZWRlMzRjMTc3ZWZmNzp7fQ==", "expire_date": "2018-06-09T09:10:35.803Z"}}, {"model": "sessions.session", "pk": "hxaeng2mh1f66839l5m8rlznil1kn1ek", "fields": {"session_data": "OTU0ZmFjYzNkNDRmMWIyMWFiMGExMmI3ZmZmNzIzOWNiNDdjZjc4YTp7Il9hdXRoX3VzZXJfaWQiOiIxIiwiX2F1dGhfdXNlcl9iYWNrZW5kIjoiZGphbmdvLmNvbnRyaWIuYXV0aC5iYWNrZW5kcy5Nb2RlbEJhY2tlbmQiLCJfYXV0aF91c2VyX2hhc2giOiI4Y2IwZDFiNDg1NWJjOWI1MGU1MGI5ZWVhNGI3YTA5OGRkMDQ5MDk5In0=", "expire_date": "2018-07-19T06:00:29.395Z"}}, {"model": "sessions.session", "pk": "j4slgylk5m6128dl4wis462x7w7vy0bg", "fields": {"session_data": "OTU0ZmFjYzNkNDRmMWIyMWFiMGExMmI3ZmZmNzIzOWNiNDdjZjc4YTp7Il9hdXRoX3VzZXJfaWQiOiIxIiwiX2F1dGhfdXNlcl9iYWNrZW5kIjoiZGphbmdvLmNvbnRyaWIuYXV0aC5iYWNrZW5kcy5Nb2RlbEJhY2tlbmQiLCJfYXV0aF91c2VyX2hhc2giOiI4Y2IwZDFiNDg1NWJjOWI1MGU1MGI5ZWVhNGI3YTA5OGRkMDQ5MDk5In0=", "expire_date": "2018-06-09T09:11:32.153Z"}}, {"model": "sessions.session", "pk": "jbg3d89vh633oiev73nev551vp6vjdm9", "fields": {"session_data": "OTU0ZmFjYzNkNDRmMWIyMWFiMGExMmI3ZmZmNzIzOWNiNDdjZjc4YTp7Il9hdXRoX3VzZXJfaWQiOiIxIiwiX2F1dGhfdXNlcl9iYWNrZW5kIjoiZGphbmdvLmNvbnRyaWIuYXV0aC5iYWNrZW5kcy5Nb2RlbEJhY2tlbmQiLCJfYXV0aF91c2VyX2hhc2giOiI4Y2IwZDFiNDg1NWJjOWI1MGU1MGI5ZWVhNGI3YTA5OGRkMDQ5MDk5In0=", "expire_date": "2018-05-02T12:43:49.968Z"}}, {"model": "sessions.session", "pk": "jppd7j6n8yvx45njxyflc9hdk8d2a1ny", "fields": {"session_data": "OTU0ZmFjYzNkNDRmMWIyMWFiMGExMmI3ZmZmNzIzOWNiNDdjZjc4YTp7Il9hdXRoX3VzZXJfaWQiOiIxIiwiX2F1dGhfdXNlcl9iYWNrZW5kIjoiZGphbmdvLmNvbnRyaWIuYXV0aC5iYWNrZW5kcy5Nb2RlbEJhY2tlbmQiLCJfYXV0aF91c2VyX2hhc2giOiI4Y2IwZDFiNDg1NWJjOWI1MGU1MGI5ZWVhNGI3YTA5OGRkMDQ5MDk5In0=", "expire_date": "2018-09-05T09:51:38.962Z"}}, {"model": "sessions.session", "pk": "jy5pmjsr5ocdd48yj79cbilo4qtosgi2", "fields": {"session_data": "OTU0ZmFjYzNkNDRmMWIyMWFiMGExMmI3ZmZmNzIzOWNiNDdjZjc4YTp7Il9hdXRoX3VzZXJfaWQiOiIxIiwiX2F1dGhfdXNlcl9iYWNrZW5kIjoiZGphbmdvLmNvbnRyaWIuYXV0aC5iYWNrZW5kcy5Nb2RlbEJhY2tlbmQiLCJfYXV0aF91c2VyX2hhc2giOiI4Y2IwZDFiNDg1NWJjOWI1MGU1MGI5ZWVhNGI3YTA5OGRkMDQ5MDk5In0=", "expire_date": "2018-05-04T12:17:41.349Z"}}, {"model": "sessions.session", "pk": "l4vm7vu34jnbi1ujpbdo3dtkhrhmuzws", "fields": {"session_data": "OTU0ZmFjYzNkNDRmMWIyMWFiMGExMmI3ZmZmNzIzOWNiNDdjZjc4YTp7Il9hdXRoX3VzZXJfaWQiOiIxIiwiX2F1dGhfdXNlcl9iYWNrZW5kIjoiZGphbmdvLmNvbnRyaWIuYXV0aC5iYWNrZW5kcy5Nb2RlbEJhY2tlbmQiLCJfYXV0aF91c2VyX2hhc2giOiI4Y2IwZDFiNDg1NWJjOWI1MGU1MGI5ZWVhNGI3YTA5OGRkMDQ5MDk5In0=", "expire_date": "2018-07-14T01:31:49.767Z"}}, {"model": "sessions.session", "pk": "mggrjqlwt366ac43h3mpgc1kzvmlx4nd", "fields": {"session_data": "OTU0ZmFjYzNkNDRmMWIyMWFiMGExMmI3ZmZmNzIzOWNiNDdjZjc4YTp7Il9hdXRoX3VzZXJfaWQiOiIxIiwiX2F1dGhfdXNlcl9iYWNrZW5kIjoiZGphbmdvLmNvbnRyaWIuYXV0aC5iYWNrZW5kcy5Nb2RlbEJhY2tlbmQiLCJfYXV0aF91c2VyX2hhc2giOiI4Y2IwZDFiNDg1NWJjOWI1MGU1MGI5ZWVhNGI3YTA5OGRkMDQ5MDk5In0=", "expire_date": "2018-06-13T07:16:50.919Z"}}, {"model": "sessions.session", "pk": "nrvbf695ynmdrzwr3rlmm3xu0c6j0x5u", "fields": {"session_data": "OTU0ZmFjYzNkNDRmMWIyMWFiMGExMmI3ZmZmNzIzOWNiNDdjZjc4YTp7Il9hdXRoX3VzZXJfaWQiOiIxIiwiX2F1dGhfdXNlcl9iYWNrZW5kIjoiZGphbmdvLmNvbnRyaWIuYXV0aC5iYWNrZW5kcy5Nb2RlbEJhY2tlbmQiLCJfYXV0aF91c2VyX2hhc2giOiI4Y2IwZDFiNDg1NWJjOWI1MGU1MGI5ZWVhNGI3YTA5OGRkMDQ5MDk5In0=", "expire_date": "2018-07-18T08:28:49.682Z"}}, {"model": "sessions.session", "pk": "nzg64bxdlzdd7eu0zfb087rsffyvxwnp", "fields": {"session_data": "OTU0ZmFjYzNkNDRmMWIyMWFiMGExMmI3ZmZmNzIzOWNiNDdjZjc4YTp7Il9hdXRoX3VzZXJfaWQiOiIxIiwiX2F1dGhfdXNlcl9iYWNrZW5kIjoiZGphbmdvLmNvbnRyaWIuYXV0aC5iYWNrZW5kcy5Nb2RlbEJhY2tlbmQiLCJfYXV0aF91c2VyX2hhc2giOiI4Y2IwZDFiNDg1NWJjOWI1MGU1MGI5ZWVhNGI3YTA5OGRkMDQ5MDk5In0=", "expire_date": "2018-05-23T07:37:09.133Z"}}, {"model": "sessions.session", "pk": "owso3sojlkctj4hze14vl1x6hut39wb1", "fields": {"session_data": "OTU0ZmFjYzNkNDRmMWIyMWFiMGExMmI3ZmZmNzIzOWNiNDdjZjc4YTp7Il9hdXRoX3VzZXJfaWQiOiIxIiwiX2F1dGhfdXNlcl9iYWNrZW5kIjoiZGphbmdvLmNvbnRyaWIuYXV0aC5iYWNrZW5kcy5Nb2RlbEJhY2tlbmQiLCJfYXV0aF91c2VyX2hhc2giOiI4Y2IwZDFiNDg1NWJjOWI1MGU1MGI5ZWVhNGI3YTA5OGRkMDQ5MDk5In0=", "expire_date": "2018-07-12T08:09:04.960Z"}}, {"model": "sessions.session", "pk": "q4qr1emck4ovnk6fl59gjt7jtyyd48wp", "fields": {"session_data": "OTU0ZmFjYzNkNDRmMWIyMWFiMGExMmI3ZmZmNzIzOWNiNDdjZjc4YTp7Il9hdXRoX3VzZXJfaWQiOiIxIiwiX2F1dGhfdXNlcl9iYWNrZW5kIjoiZGphbmdvLmNvbnRyaWIuYXV0aC5iYWNrZW5kcy5Nb2RlbEJhY2tlbmQiLCJfYXV0aF91c2VyX2hhc2giOiI4Y2IwZDFiNDg1NWJjOWI1MGU1MGI5ZWVhNGI3YTA5OGRkMDQ5MDk5In0=", "expire_date": "2018-07-17T06:21:30.720Z"}}, {"model": "sessions.session", "pk": "qje7548zbmxk2xyjs272yc6o9dn5yc2j", "fields": {"session_data": "MWQ2MTE5MjhkMjk2ZDgwNjRkMTNlYjE2N2M1MjdkOGYzZmE0NDJmNjp7Il9hdXRoX3VzZXJfaWQiOiIxIiwiX2F1dGhfdXNlcl9iYWNrZW5kIjoiZGphbmdvLmNvbnRyaWIuYXV0aC5iYWNrZW5kcy5Nb2RlbEJhY2tlbmQiLCJfYXV0aF91c2VyX2hhc2giOiI4Y2IwZDFiNDg1NWJjOWI1MGU1MGI5ZWVhNGI3YTA5OGRkMDQ5MDk5IiwiYmluZF9lbWFpbF9jb2RlIjoiTGlIbCIsInNlbmRfY29kZV90aW1lIjoxNTMxMjg2ODgzfQ==", "expire_date": "2018-07-25T05:28:04.155Z"}}, {"model": "sessions.session", "pk": "w7o4eaeyl62fm5acg4ujjawc6fvwpg07", "fields": {"session_data": "MzlkMTY4ZmY4MGJiYjNlNDVlOTg3MDJjMTAyZDYyNzg5ZjllMmVkOTp7Il9hdXRoX3VzZXJfaWQiOiIzIiwiX2F1dGhfdXNlcl9iYWNrZW5kIjoiZGphbmdvLmNvbnRyaWIuYXV0aC5iYWNrZW5kcy5Nb2RlbEJhY2tlbmQiLCJfYXV0aF91c2VyX2hhc2giOiJiZjM5MzdhOWU3NDg2ZDVlYjFkMTIyZmY2YzBkMjA1YWMyNDc4NGI0In0=", "expire_date": "2018-07-24T06:05:13.119Z"}}, {"model": "sessions.session", "pk": "wdnijyhzhg8z939pbqg506w8wprm6np9", "fields": {"session_data": "OTU0ZmFjYzNkNDRmMWIyMWFiMGExMmI3ZmZmNzIzOWNiNDdjZjc4YTp7Il9hdXRoX3VzZXJfaWQiOiIxIiwiX2F1dGhfdXNlcl9iYWNrZW5kIjoiZGphbmdvLmNvbnRyaWIuYXV0aC5iYWNrZW5kcy5Nb2RlbEJhY2tlbmQiLCJfYXV0aF91c2VyX2hhc2giOiI4Y2IwZDFiNDg1NWJjOWI1MGU1MGI5ZWVhNGI3YTA5OGRkMDQ5MDk5In0=", "expire_date": "2018-07-14T08:45:29.665Z"}}, {"model": "sessions.session", "pk": "wz1mmsazrj5zs8e4l3qqtzm9bthpmr54", "fields": {"session_data": "OTU0ZmFjYzNkNDRmMWIyMWFiMGExMmI3ZmZmNzIzOWNiNDdjZjc4YTp7Il9hdXRoX3VzZXJfaWQiOiIxIiwiX2F1dGhfdXNlcl9iYWNrZW5kIjoiZGphbmdvLmNvbnRyaWIuYXV0aC5iYWNrZW5kcy5Nb2RlbEJhY2tlbmQiLCJfYXV0aF91c2VyX2hhc2giOiI4Y2IwZDFiNDg1NWJjOWI1MGU1MGI5ZWVhNGI3YTA5OGRkMDQ5MDk5In0=", "expire_date": "2018-06-13T12:12:45.634Z"}}, {"model": "sessions.session", "pk": "xedi8ukuiyq1myycabqyrhcowoetp0vx", "fields": {"session_data": "OTU0ZmFjYzNkNDRmMWIyMWFiMGExMmI3ZmZmNzIzOWNiNDdjZjc4YTp7Il9hdXRoX3VzZXJfaWQiOiIxIiwiX2F1dGhfdXNlcl9iYWNrZW5kIjoiZGphbmdvLmNvbnRyaWIuYXV0aC5iYWNrZW5kcy5Nb2RlbEJhY2tlbmQiLCJfYXV0aF91c2VyX2hhc2giOiI4Y2IwZDFiNDg1NWJjOWI1MGU1MGI5ZWVhNGI3YTA5OGRkMDQ5MDk5In0=", "expire_date": "2018-07-23T07:19:49.005Z"}}, {"model": "sessions.session", "pk": "y9ey242dq79a7981lg3fe025n2i4et2w", "fields": {"session_data": "OTU0ZmFjYzNkNDRmMWIyMWFiMGExMmI3ZmZmNzIzOWNiNDdjZjc4YTp7Il9hdXRoX3VzZXJfaWQiOiIxIiwiX2F1dGhfdXNlcl9iYWNrZW5kIjoiZGphbmdvLmNvbnRyaWIuYXV0aC5iYWNrZW5kcy5Nb2RlbEJhY2tlbmQiLCJfYXV0aF91c2VyX2hhc2giOiI4Y2IwZDFiNDg1NWJjOWI1MGU1MGI5ZWVhNGI3YTA5OGRkMDQ5MDk5In0=", "expire_date": "2018-07-16T10:24:06.583Z"}}, {"model": "blog.blogtype", "pk": 1, "fields": {"type_name": "django"}}, {"model": "blog.blogtype", "pk": 2, "fields": {"type_name": "\u968f\u7b14"}}, {"model": "blog.blogtype", "pk": 3, "fields": {"type_name": "\u611f\u609f"}}, {"model": "blog.blogtype", "pk": 5, "fields": {"type_name": "\u6570\u636e\u7ed3\u6784"}}, {"model": "read_statistics.readnum", "pk": 1, "fields": {"read_num": 14, "content_type": 8, "object_id": 37}}, {"model": "read_statistics.readnum", "pk": 2, "fields": {"read_num": 11, "content_type": 8, "object_id": 36}}, {"model": "read_statistics.readnum", "pk": 3, "fields": {"read_num": 5, "content_type": 8, "object_id": 34}}, {"model": "read_statistics.readnum", "pk": 4, "fields": {"read_num": 9, "content_type": 8, "object_id": 33}}, {"model": "read_statistics.readnum", "pk": 5, "fields": {"read_num": 7, "content_type": 8, "object_id": 32}}, {"model": "read_statistics.readnum", "pk": 6, "fields": {"read_num": 6, "content_type": 8, "object_id": 31}}, {"model": "read_statistics.readnum", "pk": 7, "fields": {"read_num": 3, "content_type": 8, "object_id": 30}}, {"model": "read_statistics.readnum", "pk": 8, "fields": {"read_num": 3, "content_type": 8, "object_id": 29}}, {"model": "read_statistics.readnum", "pk": 9, "fields": {"read_num": 2, "content_type": 8, "object_id": 28}}, {"model": "read_statistics.readnum", "pk": 10, "fields": {"read_num": 2, "content_type": 8, "object_id": 27}}, {"model": "read_statistics.readnum", "pk": 11, "fields": {"read_num": 20, "content_type": 8, "object_id": 35}}, {"model": "read_statistics.readnum", "pk": 12, "fields": {"read_num": 1, "content_type": 8, "object_id": 23}}, {"model": "read_statistics.readnum", "pk": 13, "fields": {"read_num": 6, "content_type": 8, "object_id": 2}}, {"model": "read_statistics.readnum", "pk": 14, "fields": {"read_num": 1, "content_type": 8, "object_id": 26}}, {"model": "read_statistics.readnum", "pk": 15, "fields": {"read_num": 1, "content_type": 8, "object_id": 25}}, {"model": "read_statistics.readnum", "pk": 16, "fields": {"read_num": 1, "content_type": 8, "object_id": 24}}, {"model": "read_statistics.readdetail", "pk": 1, "fields": {"date": "2018-05-20", "read_num": 4, "content_type": 8, "object_id": 36}}, {"model": "read_statistics.readdetail", "pk": 2, "fields": {"date": "2018-05-21", "read_num": 4, "content_type": 8, "object_id": 36}}, {"model": "read_statistics.readdetail", "pk": 3, "fields": {"date": "2018-05-21", "read_num": 2, "content_type": 8, "object_id": 35}}, {"model": "read_statistics.readdetail", "pk": 5, "fields": {"date": "2018-05-21", "read_num": 1, "content_type": 8, "object_id": 33}}, {"model": "read_statistics.readdetail", "pk": 6, "fields": {"date": "2018-05-21", "read_num": 1, "content_type": 8, "object_id": 32}}, {"model": "read_statistics.readdetail", "pk": 7, "fields": {"date": "2018-05-21", "read_num": 2, "content_type": 8, "object_id": 31}}, {"model": "read_statistics.readdetail", "pk": 8, "fields": {"date": "2018-05-21", "read_num": 1, "content_type": 8, "object_id": 23}}, {"model": "read_statistics.readdetail", "pk": 9, "fields": {"date": "2018-05-21", "read_num": 2, "content_type": 8, "object_id": 37}}, {"model": "read_statistics.readdetail", "pk": 10, "fields": {"date": "2018-05-22", "read_num": 1, "content_type": 8, "object_id": 37}}, {"model": "read_statistics.readdetail", "pk": 11, "fields": {"date": "2018-05-22", "read_num": 1, "content_type": 8, "object_id": 36}}, {"model": "read_statistics.readdetail", "pk": 12, "fields": {"date": "2018-05-22", "read_num": 1, "content_type": 8, "object_id": 35}}, {"model": "read_statistics.readdetail", "pk": 13, "fields": {"date": "2018-05-26", "read_num": 1, "content_type": 8, "object_id": 36}}, {"model": "read_statistics.readdetail", "pk": 14, "fields": {"date": "2018-05-26", "read_num": 1, "content_type": 8, "object_id": 35}}, {"model": "read_statistics.readdetail", "pk": 15, "fields": {"date": "2018-05-26", "read_num": 1, "content_type": 8, "object_id": 33}}, {"model": "read_statistics.readdetail", "pk": 16, "fields": {"date": "2018-05-27", "read_num": 1, "content_type": 8, "object_id": 35}}, {"model": "read_statistics.readdetail", "pk": 17, "fields": {"date": "2018-05-30", "read_num": 2, "content_type": 8, "object_id": 37}}, {"model": "read_statistics.readdetail", "pk": 18, "fields": {"date": "2018-05-30", "read_num": 2, "content_type": 8, "object_id": 35}}, {"model": "read_statistics.readdetail", "pk": 19, "fields": {"date": "2018-05-30", "read_num": 1, "content_type": 8, "object_id": 32}}, {"model": "read_statistics.readdetail", "pk": 20, "fields": {"date": "2018-05-31", "read_num": 1, "content_type": 8, "object_id": 32}}, {"model": "read_statistics.readdetail", "pk": 21, "fields": {"date": "2018-05-31", "read_num": 1, "content_type": 8, "object_id": 35}}, {"model": "read_statistics.readdetail", "pk": 22, "fields": {"date": "2018-05-31", "read_num": 1, "content_type": 8, "object_id": 36}}, {"model": "read_statistics.readdetail", "pk": 23, "fields": {"date": "2018-06-06", "read_num": 1, "content_type": 8, "object_id": 35}}, {"model": "read_statistics.readdetail", "pk": 26, "fields": {"date": "2018-06-07", "read_num": 1, "content_type": 8, "object_id": 35}}, {"model": "read_statistics.readdetail", "pk": 27, "fields": {"date": "2018-06-27", "read_num": 1, "content_type": 8, "object_id": 35}}, {"model": "read_statistics.readdetail", "pk": 28, "fields": {"date": "2018-06-28", "read_num": 1, "content_type": 8, "object_id": 35}}, {"model": "read_statistics.readdetail", "pk": 29, "fields": {"date": "2018-06-28", "read_num": 1, "content_type": 8, "object_id": 2}}, {"model": "read_statistics.readdetail", "pk": 30, "fields": {"date": "2018-06-30", "read_num": 1, "content_type": 8, "object_id": 35}}, {"model": "read_statistics.readdetail", "pk": 32, "fields": {"date": "2018-06-30", "read_num": 1, "content_type": 8, "object_id": 33}}, {"model": "read_statistics.readdetail", "pk": 33, "fields": {"date": "2018-06-30", "read_num": 1, "content_type": 8, "object_id": 36}}, {"model": "read_statistics.readdetail", "pk": 34, "fields": {"date": "2018-06-30", "read_num": 1, "content_type": 8, "object_id": 2}}, {"model": "read_statistics.readdetail", "pk": 35, "fields": {"date": "2018-06-30", "read_num": 1, "content_type": 8, "object_id": 32}}, {"model": "read_statistics.readdetail", "pk": 36, "fields": {"date": "2018-06-30", "read_num": 1, "content_type": 8, "object_id": 30}}, {"model": "read_statistics.readdetail", "pk": 37, "fields": {"date": "2018-06-30", "read_num": 1, "content_type": 8, "object_id": 29}}, {"model": "read_statistics.readdetail", "pk": 38, "fields": {"date": "2018-07-02", "read_num": 2, "content_type": 8, "object_id": 33}}, {"model": "read_statistics.readdetail", "pk": 39, "fields": {"date": "2018-07-02", "read_num": 1, "content_type": 8, "object_id": 31}}, {"model": "read_statistics.readdetail", "pk": 40, "fields": {"date": "2018-07-02", "read_num": 2, "content_type": 8, "object_id": 2}}, {"model": "read_statistics.readdetail", "pk": 41, "fields": {"date": "2018-07-03", "read_num": 1, "content_type": 8, "object_id": 33}}, {"model": "read_statistics.readdetail", "pk": 42, "fields": {"date": "2018-07-03", "read_num": 1, "content_type": 8, "object_id": 35}}, {"model": "read_statistics.readdetail", "pk": 43, "fields": {"date": "2018-07-03", "read_num": 1, "content_type": 8, "object_id": 32}}, {"model": "read_statistics.readdetail", "pk": 44, "fields": {"date": "2018-07-03", "read_num": 1, "content_type": 8, "object_id": 31}}, {"model": "read_statistics.readdetail", "pk": 45, "fields": {"date": "2018-07-03", "read_num": 1, "content_type": 8, "object_id": 30}}, {"model": "read_statistics.readdetail", "pk": 46, "fields": {"date": "2018-07-03", "read_num": 1, "content_type": 8, "object_id": 29}}, {"model": "read_statistics.readdetail", "pk": 47, "fields": {"date": "2018-07-03", "read_num": 1, "content_type": 8, "object_id": 28}}, {"model": "read_statistics.readdetail", "pk": 48, "fields": {"date": "2018-07-03", "read_num": 1, "content_type": 8, "object_id": 27}}, {"model": "read_statistics.readdetail", "pk": 49, "fields": {"date": "2018-07-03", "read_num": 1, "content_type": 8, "object_id": 26}}, {"model": "read_statistics.readdetail", "pk": 50, "fields": {"date": "2018-07-03", "read_num": 1, "content_type": 8, "object_id": 25}}, {"model": "read_statistics.readdetail", "pk": 51, "fields": {"date": "2018-07-03", "read_num": 1, "content_type": 8, "object_id": 24}}, {"model": "read_statistics.readdetail", "pk": 52, "fields": {"date": "2018-07-05", "read_num": 1, "content_type": 8, "object_id": 2}}, {"model": "read_statistics.readdetail", "pk": 53, "fields": {"date": "2018-07-05", "read_num": 1, "content_type": 8, "object_id": 31}}, {"model": "read_statistics.readdetail", "pk": 54, "fields": {"date": "2018-07-09", "read_num": 1, "content_type": 8, "object_id": 2}}, {"model": "read_statistics.readdetail", "pk": 55, "fields": {"date": "2018-07-09", "read_num": 1, "content_type": 8, "object_id": 35}}, {"model": "read_statistics.readdetail", "pk": 56, "fields": {"date": "2018-07-09", "read_num": 1, "content_type": 8, "object_id": 33}}, {"model": "read_statistics.readdetail", "pk": 57, "fields": {"date": "2018-07-10", "read_num": 2, "content_type": 8, "object_id": 35}}, {"model": "read_statistics.readdetail", "pk": 58, "fields": {"date": "2018-07-11", "read_num": 1, "content_type": 8, "object_id": 35}}, {"model": "read_statistics.readdetail", "pk": 59, "fields": {"date": "2018-08-22", "read_num": 1, "content_type": 8, "object_id": 37}}, {"model": "read_statistics.readdetail", "pk": 60, "fields": {"date": "2018-08-22", "read_num": 1, "content_type": 8, "object_id": 36}}, {"model": "read_statistics.readdetail", "pk": 61, "fields": {"date": "2018-08-22", "read_num": 1, "content_type": 8, "object_id": 35}}, {"model": "read_statistics.readdetail", "pk": 62, "fields": {"date": "2018-11-19", "read_num": 1, "content_type": 8, "object_id": 33}}, {"model": "read_statistics.readdetail", "pk": 63, "fields": {"date": "2018-11-19", "read_num": 1, "content_type": 8, "object_id": 37}}, {"model": "likes.likecount", "pk": 1, "fields": {"content_type": 8, "object_id": 37, "liked_num": 0}}, {"model": "likes.likecount", "pk": 2, "fields": {"content_type": 8, "object_id": 36, "liked_num": 0}}, {"model": "likes.likecount", "pk": 3, "fields": {"content_type": 8, "object_id": 35, "liked_num": 1}}, {"model": "likes.likecount", "pk": 4, "fields": {"content_type": 8, "object_id": 33, "liked_num": 1}}, {"model": "likes.likecount", "pk": 5, "fields": {"content_type": 8, "object_id": 32, "liked_num": 0}}, {"model": "likes.likecount", "pk": 6, "fields": {"content_type": 8, "object_id": 31, "liked_num": 0}}, {"model": "likes.likecount", "pk": 7, "fields": {"content_type": 8, "object_id": 30, "liked_num": 0}}, {"model": "likes.likecount", "pk": 8, "fields": {"content_type": 12, "object_id": 68, "liked_num": 1}}, {"model": "likes.likecount", "pk": 9, "fields": {"content_type": 12, "object_id": 39, "liked_num": 0}}, {"model": "likes.likecount", "pk": 10, "fields": {"content_type": 12, "object_id": 65, "liked_num": 0}}, {"model": "likes.likecount", "pk": 11, "fields": {"content_type": 12, "object_id": 69, "liked_num": 0}}, {"model": "likes.likecount", "pk": 12, "fields": {"content_type": 12, "object_id": 38, "liked_num": 1}}, {"model": "likes.likecount", "pk": 13, "fields": {"content_type": 12, "object_id": 37, "liked_num": 1}}, {"model": "likes.likecount", "pk": 14, "fields": {"content_type": 12, "object_id": 36, "liked_num": 0}}, {"model": "likes.likecount", "pk": 15, "fields": {"content_type": 12, "object_id": 35, "liked_num": 0}}, {"model": "likes.likecount", "pk": 16, "fields": {"content_type": 12, "object_id": 34, "liked_num": 0}}, {"model": "likes.likecount", "pk": 17, "fields": {"content_type": 12, "object_id": 12, "liked_num": 0}}, {"model": "likes.likecount", "pk": 18, "fields": {"content_type": 12, "object_id": 11, "liked_num": 0}}, {"model": "likes.likecount", "pk": 19, "fields": {"content_type": 12, "object_id": 10, "liked_num": 0}}, {"model": "likes.likecount", "pk": 20, "fields": {"content_type": 12, "object_id": 9, "liked_num": 0}}, {"model": "likes.likecount", "pk": 21, "fields": {"content_type": 12, "object_id": 7, "liked_num": 0}}, {"model": "likes.likecount", "pk": 22, "fields": {"content_type": 12, "object_id": 6, "liked_num": 0}}, {"model": "likes.likecount", "pk": 23, "fields": {"content_type": 12, "object_id": 5, "liked_num": 0}}, {"model": "likes.likecount", "pk": 24, "fields": {"content_type": 12, "object_id": 4, "liked_num": 0}}, {"model": "likes.likecount", "pk": 25, "fields": {"content_type": 12, "object_id": 3, "liked_num": 0}}, {"model": "likes.likecount", "pk": 26, "fields": {"content_type": 12, "object_id": 2, "liked_num": 0}}, {"model": "likes.likecount", "pk": 27, "fields": {"content_type": 12, "object_id": 59, "liked_num": 1}}, {"model": "likes.likecount", "pk": 28, "fields": {"content_type": 12, "object_id": 58, "liked_num": 0}}, {"model": "likes.likecount", "pk": 29, "fields": {"content_type": 12, "object_id": 70, "liked_num": 0}}, {"model": "likes.likecount", "pk": 30, "fields": {"content_type": 12, "object_id": 57, "liked_num": 0}}, {"model": "likes.likecount", "pk": 31, "fields": {"content_type": 12, "object_id": 55, "liked_num": 0}}, {"model": "likes.likecount", "pk": 32, "fields": {"content_type": 12, "object_id": 54, "liked_num": 0}}, {"model": "likes.likecount", "pk": 33, "fields": {"content_type": 12, "object_id": 53, "liked_num": 0}}, {"model": "likes.likecount", "pk": 34, "fields": {"content_type": 12, "object_id": 49, "liked_num": 0}}, {"model": "likes.likecount", "pk": 35, "fields": {"content_type": 12, "object_id": 33, "liked_num": 0}}, {"model": "likes.likecount", "pk": 36, "fields": {"content_type": 12, "object_id": 32, "liked_num": 0}}, {"model": "likes.likecount", "pk": 37, "fields": {"content_type": 12, "object_id": 31, "liked_num": 0}}, {"model": "likes.likecount", "pk": 38, "fields": {"content_type": 12, "object_id": 30, "liked_num": 0}}, {"model": "likes.likecount", "pk": 39, "fields": {"content_type": 12, "object_id": 29, "liked_num": 0}}, {"model": "likes.likecount", "pk": 40, "fields": {"content_type": 12, "object_id": 28, "liked_num": 0}}, {"model": "likes.likecount", "pk": 41, "fields": {"content_type": 12, "object_id": 27, "liked_num": 0}}, {"model": "likes.likecount", "pk": 42, "fields": {"content_type": 12, "object_id": 18, "liked_num": 0}}, {"model": "likes.likecount", "pk": 43, "fields": {"content_type": 12, "object_id": 15, "liked_num": 0}}, {"model": "likes.likecount", "pk": 44, "fields": {"content_type": 12, "object_id": 14, "liked_num": 0}}, {"model": "likes.likecount", "pk": 45, "fields": {"content_type": 12, "object_id": 47, "liked_num": 1}}, {"model": "likes.likecount", "pk": 46, "fields": {"content_type": 12, "object_id": 46, "liked_num": 1}}, {"model": "likes.likecount", "pk": 47, "fields": {"content_type": 12, "object_id": 45, "liked_num": 1}}, {"model": "likes.likecount", "pk": 48, "fields": {"content_type": 12, "object_id": 44, "liked_num": 0}}, {"model": "likes.likecount", "pk": 49, "fields": {"content_type": 12, "object_id": 43, "liked_num": 0}}, {"model": "likes.likecount", "pk": 50, "fields": {"content_type": 12, "object_id": 42, "liked_num": 0}}, {"model": "likes.likecount", "pk": 51, "fields": {"content_type": 12, "object_id": 41, "liked_num": 0}}, {"model": "likes.likecount", "pk": 52, "fields": {"content_type": 12, "object_id": 40, "liked_num": 0}}, {"model": "likes.likecount", "pk": 53, "fields": {"content_type": 12, "object_id": 16, "liked_num": 0}}, {"model": "likes.likecount", "pk": 54, "fields": {"content_type": 12, "object_id": 1, "liked_num": 0}}, {"model": "likes.likecount", "pk": 55, "fields": {"content_type": 12, "object_id": 71, "liked_num": 1}}, {"model": "likes.likecount", "pk": 56, "fields": {"content_type": 12, "object_id": 72, "liked_num": 0}}, {"model": "likes.likecount", "pk": 57, "fields": {"content_type": 8, "object_id": 4, "liked_num": 0}}, {"model": "likes.likecount", "pk": 58, "fields": {"content_type": 8, "object_id": 2, "liked_num": 0}}, {"model": "likes.likecount", "pk": 59, "fields": {"content_type": 8, "object_id": 1, "liked_num": 0}}, {"model": "likes.likecount", "pk": 60, "fields": {"content_type": 12, "object_id": 73, "liked_num": 1}}, {"model": "likes.likecount", "pk": 61, "fields": {"content_type": 12, "object_id": 74, "liked_num": 0}}, {"model": "likes.likecount", "pk": 62, "fields": {"content_type": 8, "object_id": 29, "liked_num": 0}}, {"model": "likes.likecount", "pk": 63, "fields": {"content_type": 8, "object_id": 28, "liked_num": 0}}, {"model": "auth.permission", "pk": 1, "fields": {"name": "Can add log entry", "content_type": 1, "codename": "add_logentry"}}, {"model": "auth.permission", "pk": 2, "fields": {"name": "Can change log entry", "content_type": 1, "codename": "change_logentry"}}, {"model": "auth.permission", "pk": 3, "fields": {"name": "Can delete log entry", "content_type": 1, "codename": "delete_logentry"}}, {"model": "auth.permission", "pk": 4, "fields": {"name": "Can add permission", "content_type": 2, "codename": "add_permission"}}, {"model": "auth.permission", "pk": 5, "fields": {"name": "Can change permission", "content_type": 2, "codename": "change_permission"}}, {"model": "auth.permission", "pk": 6, "fields": {"name": "Can delete permission", "content_type": 2, "codename": "delete_permission"}}, {"model": "auth.permission", "pk": 7, "fields": {"name": "Can add group", "content_type": 3, "codename": "add_group"}}, {"model": "auth.permission", "pk": 8, "fields": {"name": "Can change group", "content_type": 3, "codename": "change_group"}}, {"model": "auth.permission", "pk": 9, "fields": {"name": "Can delete group", "content_type": 3, "codename": "delete_group"}}, {"model": "auth.permission", "pk": 10, "fields": {"name": "Can add user", "content_type": 4, "codename": "add_user"}}, {"model": "auth.permission", "pk": 11, "fields": {"name": "Can change user", "content_type": 4, "codename": "change_user"}}, {"model": "auth.permission", "pk": 12, "fields": {"name": "Can delete user", "content_type": 4, "codename": "delete_user"}}, {"model": "auth.permission", "pk": 13, "fields": {"name": "Can add content type", "content_type": 5, "codename": "add_contenttype"}}, {"model": "auth.permission", "pk": 14, "fields": {"name": "Can change content type", "content_type": 5, "codename": "change_contenttype"}}, {"model": "auth.permission", "pk": 15, "fields": {"name": "Can delete content type", "content_type": 5, "codename": "delete_contenttype"}}, {"model": "auth.permission", "pk": 16, "fields": {"name": "Can add session", "content_type": 6, "codename": "add_session"}}, {"model": "auth.permission", "pk": 17, "fields": {"name": "Can change session", "content_type": 6, "codename": "change_session"}}, {"model": "auth.permission", "pk": 18, "fields": {"name": "Can delete session", "content_type": 6, "codename": "delete_session"}}, {"model": "auth.permission", "pk": 19, "fields": {"name": "Can add blog type", "content_type": 7, "codename": "add_blogtype"}}, {"model": "auth.permission", "pk": 20, "fields": {"name": "Can change blog type", "content_type": 7, "codename": "change_blogtype"}}, {"model": "auth.permission", "pk": 21, "fields": {"name": "Can delete blog type", "content_type": 7, "codename": "delete_blogtype"}}, {"model": "auth.permission", "pk": 22, "fields": {"name": "Can add blog", "content_type": 8, "codename": "add_blog"}}, {"model": "auth.permission", "pk": 23, "fields": {"name": "Can change blog", "content_type": 8, "codename": "change_blog"}}, {"model": "auth.permission", "pk": 24, "fields": {"name": "Can delete blog", "content_type": 8, "codename": "delete_blog"}}, {"model": "auth.permission", "pk": 25, "fields": {"name": "Can add read num", "content_type": 9, "codename": "add_readnum"}}, {"model": "auth.permission", "pk": 26, "fields": {"name": "Can change read num", "content_type": 9, "codename": "change_readnum"}}, {"model": "auth.permission", "pk": 27, "fields": {"name": "Can delete read num", "content_type": 9, "codename": "delete_readnum"}}, {"model": "auth.permission", "pk": 28, "fields": {"name": "Can add read num", "content_type": 10, "codename": "add_readnum"}}, {"model": "auth.permission", "pk": 29, "fields": {"name": "Can change read num", "content_type": 10, "codename": "change_readnum"}}, {"model": "auth.permission", "pk": 30, "fields": {"name": "Can delete read num", "content_type": 10, "codename": "delete_readnum"}}, {"model": "auth.permission", "pk": 31, "fields": {"name": "Can add read detail", "content_type": 11, "codename": "add_readdetail"}}, {"model": "auth.permission", "pk": 32, "fields": {"name": "Can change read detail", "content_type": 11, "codename": "change_readdetail"}}, {"model": "auth.permission", "pk": 33, "fields": {"name": "Can delete read detail", "content_type": 11, "codename": "delete_readdetail"}}, {"model": "auth.permission", "pk": 34, "fields": {"name": "Can add comment", "content_type": 12, "codename": "add_comment"}}, {"model": "auth.permission", "pk": 35, "fields": {"name": "Can change comment", "content_type": 12, "codename": "change_comment"}}, {"model": "auth.permission", "pk": 36, "fields": {"name": "Can delete comment", "content_type": 12, "codename": "delete_comment"}}, {"model": "auth.permission", "pk": 37, "fields": {"name": "Can add like record", "content_type": 13, "codename": "add_likerecord"}}, {"model": "auth.permission", "pk": 38, "fields": {"name": "Can change like record", "content_type": 13, "codename": "change_likerecord"}}, {"model": "auth.permission", "pk": 39, "fields": {"name": "Can delete like record", "content_type": 13, "codename": "delete_likerecord"}}, {"model": "auth.permission", "pk": 40, "fields": {"name": "Can add llike count", "content_type": 14, "codename": "add_llikecount"}}, {"model": "auth.permission", "pk": 41, "fields": {"name": "Can change llike count", "content_type": 14, "codename": "change_llikecount"}}, {"model": "auth.permission", "pk": 42, "fields": {"name": "Can delete llike count", "content_type": 14, "codename": "delete_llikecount"}}, {"model": "auth.permission", "pk": 43, "fields": {"name": "Can add like count", "content_type": 14, "codename": "add_likecount"}}, {"model": "auth.permission", "pk": 44, "fields": {"name": "Can change like count", "content_type": 14, "codename": "change_likecount"}}, {"model": "auth.permission", "pk": 45, "fields": {"name": "Can delete like count", "content_type": 14, "codename": "delete_likecount"}}, {"model": "auth.permission", "pk": 46, "fields": {"name": "Can add profile", "content_type": 15, "codename": "add_profile"}}, {"model": "auth.permission", "pk": 47, "fields": {"name": "Can change profile", "content_type": 15, "codename": "change_profile"}}, {"model": "auth.permission", "pk": 48, "fields": {"name": "Can delete profile", "content_type": 15, "codename": "delete_profile"}}, {"model": "auth.user", "pk": 1, "fields": {"password": "pbkdf2_sha256$100000$Rc6AeKwo68xH$oww7WgK1IImGYZ3OBO6fPo42+esyBpQrzM5Nt2U05pA=", "last_login": "2018-11-19T08:34:37.701Z", "is_superuser": true, "username": "cxq", "first_name": "", "last_name": "", "email": "1986541495@qq.com", "is_staff": true, "is_active": true, "date_joined": "2018-04-18T11:32:35.395Z", "groups": [], "user_permissions": []}}, {"model": "auth.user", "pk": 2, "fields": {"password": "pbkdf2_sha256$100000$6nIHUmlGi2Gp$qqj7uLUwXp1mzvpRd7aVUT41WZrh0h3uVPRhC8ykh4k=", "last_login": "2018-06-28T07:42:00Z", "is_superuser": false, "username": "2222", "first_name": "", "last_name": "", "email": "", "is_staff": false, "is_active": true, "date_joined": "2018-06-28T07:42:00Z", "groups": [], "user_permissions": []}}, {"model": "auth.user", "pk": 3, "fields": {"password": "pbkdf2_sha256$100000$pQULbf7A5E0P$R7vbTYJsIUB+zbPwaczyS+1m7VKJYOp9dONvQhkCQXY=", "last_login": "2018-07-10T06:05:13.111Z", "is_superuser": false, "username": "qqq", "first_name": "", "last_name": "", "email": "2216614036@qq.com", "is_staff": false, "is_active": true, "date_joined": "2018-07-02T10:15:55.919Z", "groups": [], "user_permissions": []}}, {"model": "blog.blog", "pk": 1, "fields": {"title": "\u7b2c\u4e00\u7bc7\u535a\u5ba2", "blog_type": 2, "content": "////////////////////////////////////////////  \r\n//\u5355\u94fe\u8868\u7684\u521d\u59cb\u5316\uff0c\u5efa\u7acb\uff0c\u63d2\u5165\uff0c\u67e5\u627e\uff0c\u5220\u9664\u3002//  \r\n//Author:Wang Yong                        //      \r\n//Date: 2010.8.19                         //  \r\n////////////////////////////////////////////   \r\n#include <stdio.h>  \r\n#include <stdlib.h>  \r\ntypedef int ElemType;  \r\n////////////////////////////////////////////   \r\n//\u5b9a\u4e49\u7ed3\u70b9\u7c7b\u578b   \r\ntypedef struct Node  \r\n{  \r\n    ElemType data;              //\u5355\u94fe\u8868\u4e2d\u7684\u6570\u636e\u57df   \r\n    struct Node *next;          //\u5355\u94fe\u8868\u7684\u6307\u9488\u57df   \r\n}Node,*LinkedList;  \r\n////////////////////////////////////////////   \r\n//\u5355\u94fe\u8868\u7684\u521d\u59cb\u5316  \r\nLinkedList LinkedListInit()  \r\n{  \r\n    Node *L;  \r\n    L = (Node *)malloc(sizeof(Node));   //\u7533\u8bf7\u7ed3\u70b9\u7a7a\u95f4   \r\n    if(L == NULL)                       //\u5224\u65ad\u662f\u5426\u6709\u8db3\u591f\u7684\u5185\u5b58\u7a7a\u95f4   \r\n        printf(\"\u7533\u8bf7\u5185\u5b58\u7a7a\u95f4\u5931\u8d25/n\");  \r\n    L->next = NULL;                  //\u5c06next\u8bbe\u7f6e\u4e3aNULL,\u521d\u59cb\u957f\u5ea6\u4e3a0\u7684\u5355\u94fe\u8868   \r\n}  \r\n////////////////////////////////////////////   \r\n//\u5355\u94fe\u8868\u7684\u5efa\u7acb1\uff0c\u5934\u63d2\u6cd5\u5efa\u7acb\u5355\u94fe\u8868  \r\nLinkedList LinkedListCreatH()  \r\n{  \r\n    Node *L;  \r\n    L = (Node *)malloc(sizeof(Node));   //\u7533\u8bf7\u5934\u7ed3\u70b9\u7a7a\u95f4  \r\n    L->next = NULL;                      //\u521d\u59cb\u5316\u4e00\u4e2a\u7a7a\u94fe\u8868  \r\n      \r\n    ElemType x;                         //x\u4e3a\u94fe\u8868\u6570\u636e\u57df\u4e2d\u7684\u6570\u636e  \r\n    while(scanf(\"%d\",&x) != EOF)  \r\n    {  \r\n        Node *p;  \r\n        p = (Node *)malloc(sizeof(Node));   //\u7533\u8bf7\u65b0\u7684\u7ed3\u70b9   \r\n        p->data = x;                     //\u7ed3\u70b9\u6570\u636e\u57df\u8d4b\u503c   \r\n        p->next = L->next;                    //\u5c06\u7ed3\u70b9\u63d2\u5165\u5230\u8868\u5934L-->|2|-->|1|-->NULL   \r\n        L->next = p;   \r\n    }  \r\n    return L;   \r\n}   \r\n////////////////////////////////////////////   \r\n//\u5355\u94fe\u8868\u7684\u5efa\u7acb2\uff0c\u5c3e\u63d2\u6cd5\u5efa\u7acb\u5355\u94fe\u8868  \r\nLinkedList LinkedListCreatT()  \r\n{  \r\n    Node *L;  \r\n    L = (Node *)malloc(sizeof(Node));   //\u7533\u8bf7\u5934\u7ed3\u70b9\u7a7a\u95f4  \r\n    L->next = NULL;                  //\u521d\u59cb\u5316\u4e00\u4e2a\u7a7a\u94fe\u8868  \r\n    Node *r;  \r\n    r = L;                          //r\u59cb\u7ec8\u6307\u5411\u7ec8\u7aef\u7ed3\u70b9\uff0c\u5f00\u59cb\u65f6\u6307\u5411\u5934\u7ed3\u70b9   \r\n    ElemType x;                         //x\u4e3a\u94fe\u8868\u6570\u636e\u57df\u4e2d\u7684\u6570\u636e  \r\n    while(scanf(\"%d\",&x) != EOF)  \r\n    {  \r\n        Node *p;  \r\n        p = (Node *)malloc(sizeof(Node));   //\u7533\u8bf7\u65b0\u7684\u7ed3\u70b9   \r\n        p->data = x;                     //\u7ed3\u70b9\u6570\u636e\u57df\u8d4b\u503c   \r\n        r->next = p;                 //\u5c06\u7ed3\u70b9\u63d2\u5165\u5230\u8868\u5934L-->|1|-->|2|-->NULL   \r\n        r = p;   \r\n    }  \r\n    r->next = NULL;   \r\n      \r\n    return L;     \r\n}  \r\n////////////////////////////////////////////   \r\n//\u5355\u94fe\u8868\u7684\u63d2\u5165\uff0c\u5728\u94fe\u8868\u7684\u7b2ci\u4e2a\u4f4d\u7f6e\u63d2\u5165x\u7684\u5143\u7d20  \r\nLinkedList LinkedListInsert(LinkedList L,int i,ElemType x)  \r\n{  \r\n    Node *pre;                      //pre\u4e3a\u524d\u9a71\u7ed3\u70b9   \r\n    pre = L;  \r\n    int tempi = 0;  \r\n    for (tempi = 1; tempi < i; tempi++)  \r\n        pre = pre->next;                 //\u67e5\u627e\u7b2ci\u4e2a\u4f4d\u7f6e\u7684\u524d\u9a71\u7ed3\u70b9   \r\n    Node *p;                                //\u63d2\u5165\u7684\u7ed3\u70b9\u4e3ap  \r\n    p = (Node *)malloc(sizeof(Node));  \r\n    p->data = x;   \r\n    p->next = pre->next;  \r\n    pre->next = p;  \r\n      \r\n    return L;                             \r\n}   \r\n////////////////////////////////////////////   \r\n//\u5355\u94fe\u8868\u7684\u5220\u9664\uff0c\u5728\u94fe\u8868\u4e2d\u5220\u9664\u503c\u4e3ax\u7684\u5143\u7d20  \r\nLinkedList LinkedListDelete(LinkedList L,ElemType x)  \r\n{  \r\n    Node *p,*pre;                   //pre\u4e3a\u524d\u9a71\u7ed3\u70b9\uff0cp\u4e3a\u67e5\u627e\u7684\u7ed3\u70b9\u3002   \r\n    p = L->next;  \r\n    while(p->data != x)              //\u67e5\u627e\u503c\u4e3ax\u7684\u5143\u7d20   \r\n    {     \r\n        pre = p;   \r\n        p = p->next;  \r\n    }  \r\n    pre->next = p->next;          //\u5220\u9664\u64cd\u4f5c\uff0c\u5c06\u5176\u524d\u9a71next\u6307\u5411\u5176\u540e\u7ee7\u3002   \r\n    free(p);  \r\n    return L;  \r\n}   \r\n/////////////////////////////////////////////  \r\nint main()  \r\n{  \r\n    LinkedList list,start;  \r\n/*  printf(\"\u8bf7\u8f93\u5165\u5355\u94fe\u8868\u7684\u6570\u636e\uff1a\");  \r\n    list = LinkedListCreatH(); \r\n    for(start = list->next; start != NULL; start = start->next) \r\n        printf(\"%d \",start->data); \r\n    printf(\"/n\"); \r\n*/  printf(\"\u8bf7\u8f93\u5165\u5355\u94fe\u8868\u7684\u6570\u636e\uff1a\");   \r\n    list = LinkedListCreatT();  \r\n    for(start = list->next; start != NULL; start = start->next)  \r\n        printf(\"%d \",start->data);  \r\n    printf(\"/n\");  \r\n    int i;  \r\n    ElemType x;  \r\n    printf(\"\u8bf7\u8f93\u5165\u63d2\u5165\u6570\u636e\u7684\u4f4d\u7f6e\uff1a\");  \r\n    scanf(\"%d\",&i);  \r\n    printf(\"\u8bf7\u8f93\u5165\u63d2\u5165\u6570\u636e\u7684\u503c\uff1a\");  \r\n    scanf(\"%d\",&x);  \r\n    LinkedListInsert(list,i,x);  \r\n    for(start = list->next; start != NULL; start = start->next)  \r\n        printf(\"%d \",start->data);  \r\n    printf(\"/n\");  \r\n    printf(\"\u8bf7\u8f93\u5165\u8981\u5220\u9664\u7684\u5143\u7d20\u7684\u503c\uff1a\");  \r\n    scanf(\"%d\",&x);  \r\n    LinkedListDelete(list,x);   \r\n    for(start = list->next; start != NULL; start = start->next)  \r\n        printf(\"%d \",start->data);  \r\n    printf(\"/n\");  \r\n      \r\n    return 0;  \r\n}", "author": 1, "created_time": "2018-04-18T12:51:03.298Z", "last_updated_time": "2018-04-21T08:11:31.695Z"}}, {"model": "blog.blog", "pk": 2, "fields": {"title": "\u7b2c\u4e8c\u7bc7", "blog_type": 2, "content": "#include \"stdio.h\"  \r\n#include \"stdlib.h\"  \r\n#include \"time.h\"  \r\n  \r\n#define OK 1  \r\n#define ERROR 0  \r\n#define TRUE 1  \r\n#define FALSE 0  \r\n#define MAXSIZE 20 /* \u5b58\u50a8\u7a7a\u95f4\u521d\u59cb\u5206\u914d\u91cf */  \r\n  \r\ntypedef int Status;  \r\n/* SElemType\u7c7b\u578b\u6839\u636e\u5b9e\u9645\u60c5\u51b5\u800c\u5b9a\uff0c\u8fd9\u91cc\u5047\u8bbe\u4e3aint */  \r\ntypedef int SElemType;  \r\n  \r\n/* \u94fe\u6808\u7ed3\u6784 */  \r\ntypedef struct StackNode  \r\n{  \r\n    SElemType data;  \r\n    struct StackNode *next;  \r\n} StackNode,*LinkStackPtr;  \r\n  \r\ntypedef struct  \r\n{  \r\n    LinkStackPtr top;  \r\n    int count;  \r\n} LinkStack;  \r\n  \r\n/*  \u6784\u9020\u4e00\u4e2a\u7a7a\u6808S */  \r\nStatus InitStack(LinkStack *S)  \r\n{  \r\n    S->top = (LinkStackPtr)malloc(sizeof(StackNode));  \r\n    if(!S->top)  \r\n        return ERROR;  \r\n    S->top=NULL;  \r\n    S->count=0;  \r\n    return OK;  \r\n}  \r\n  \r\nStatus visit(SElemType c)  \r\n{  \r\n    printf(\"%d \",c);  \r\n    return OK;  \r\n}  \r\nStatus StackTraverse(LinkStack S)  \r\n{  \r\n    LinkStackPtr p;  \r\n    p=S.top;  \r\n    while(p)  \r\n    {  \r\n        visit(p->data);  \r\n        p=p->next;  \r\n    }  \r\n    printf(\"\\n\");  \r\n    return OK;  \r\n}  \r\n  \r\n/* \u82e5\u6808S\u4e3a\u7a7a\u6808\uff0c\u5219\u8fd4\u56deTRUE\uff0c\u5426\u5219\u8fd4\u56deFALSE */  \r\nStatus StackEmpty(LinkStack S)  \r\n{  \r\n    if (S.count==0)  \r\n        return TRUE;  \r\n    else  \r\n        return FALSE;  \r\n}  \r\n  \r\n/* \u63d2\u5165\u5143\u7d20e\u4e3a\u65b0\u7684\u6808\u9876\u5143\u7d20 */  \r\nStatus Push(LinkStack *S,SElemType e)  \r\n{  \r\n    LinkStackPtr s=(LinkStackPtr)malloc(sizeof(StackNode));  \r\n    s->data=e;  \r\n    s->next=S->top;   /* \u628a\u5f53\u524d\u7684\u6808\u9876\u5143\u7d20\u8d4b\u503c\u7ed9\u65b0\u7ed3\u70b9\u7684\u76f4\u63a5\u540e\u7ee7\uff0c\u89c1\u56fe\u4e2d\u2460 */  \r\n    S->top=s;         /* \u5c06\u65b0\u7684\u7ed3\u70b9s\u8d4b\u503c\u7ed9\u6808\u9876\u6307\u9488\uff0c\u89c1\u56fe\u4e2d\u2461 */  \r\n    S->count++;  \r\n    return OK;  \r\n}  \r\n  \r\n/* \u82e5\u6808\u4e0d\u7a7a\uff0c\u5219\u5220\u9664S\u7684\u6808\u9876\u5143\u7d20\uff0c\u7528e\u8fd4\u56de\u5176\u503c\uff0c\u5e76\u8fd4\u56deOK\uff1b\u5426\u5219\u8fd4\u56deERROR */  \r\nStatus Pop(LinkStack *S,SElemType *e)  \r\n{  \r\n    LinkStackPtr p;  \r\n    if(StackEmpty(*S))  \r\n        return ERROR;  \r\n    *e=S->top->data;  \r\n    p=S->top;                    /* \u5c06\u6808\u9876\u7ed3\u70b9\u8d4b\u503c\u7ed9p\uff0c\u89c1\u56fe\u4e2d\u2462 */  \r\n    S->top=S->top->next;    /* \u4f7f\u5f97\u6808\u9876\u6307\u9488\u4e0b\u79fb\u4e00\u4f4d\uff0c\u6307\u5411\u540e\u4e00\u7ed3\u70b9\uff0c\u89c1\u56fe\u4e2d\u2463 */  \r\n    free(p);                    /* \u91ca\u653e\u7ed3\u70b9p */  \r\n    S->count--;  \r\n    return OK;  \r\n}  \r\n  \r\n  \r\n  \r\n/* \u628aS\u7f6e\u4e3a\u7a7a\u6808 */  \r\nStatus ClearStack(LinkStack *S)  \r\n{  \r\n    LinkStackPtr p,q;  \r\n    p=S->top;  \r\n    while(p)  \r\n    {  \r\n        q=p;  \r\n        p=p->next;  \r\n        free(q);  \r\n    }  \r\n    S->count=0;  \r\n    return OK;  \r\n}  \r\n  \r\nint main()  \r\n{  \r\n    LinkStack s;  \r\n    int opp;  \r\n    int j, value, e;  \r\n      \r\n    if(InitStack(&s)==OK)  \r\n    {  \r\n        printf(\"\u94fe\u6808\u521d\u59cb\u5316\u6210\u529f\u3002\");  \r\n    }  \r\n      \r\n    printf(\"\\n1.\u968f\u673a\u7ed9\u6808\u8d4b\u503c \\n2.\u6808\u904d\u5386 \\n3.\u8fdb\u6808 \\n4.\u51fa\u6808\");  \r\n    printf(\"\\n5.\u7f6e\u7a7a\u94fe\u6808 \\n6.\u5224\u65ad\u94fe\u6808\u662f\u5426\u4e3a\u7a7a\");  \r\n    printf(\"\\n0.\u9000\u51fa \\n\u8bf7\u9009\u62e9\u4f60\u7684\u64cd\u4f5c\uff1a\\n\");  \r\n    while(opp != '0')  \r\n    {  \r\n        scanf(\"%d\",&opp);  \r\n        switch(opp)  \r\n        {  \r\n            case 1:  \r\n                srand(time(0));  \r\n                for(j=1; j<=10; j++)  \r\n                {  \r\n                    Push(&s,rand()%100+1);  \r\n                }  \r\n                StackTraverse(s);  \r\n                break;  \r\n                  \r\n            case 2:  \r\n                StackTraverse(s);  \r\n                break;  \r\n                  \r\n            case 3:  \r\n                printf(\"\u8bf7\u8f93\u5165\u9700\u8981\u8fdb\u6808\u7684\u5143\u7d20\uff1a\");  \r\n                scanf(\"%d\", &value);  \r\n                Push(&s, value);  \r\n                StackTraverse(s);  \r\n                break;  \r\n                  \r\n            case 4:  \r\n                Pop(&s,&e);  \r\n                printf(\"\u5f39\u51fa\u7684\u6808\u9876\u5143\u7d20 e=%d\\n\",e);  \r\n                StackTraverse(s);  \r\n                break;  \r\n                  \r\n            case 5:  \r\n                ClearStack(&s);  \r\n                printf(\"\u6e05\u7a7a\u6808\u540e\uff0c\u6808\u662f\u5426\u4e3a\u7a7a\uff1a%d(1:\u7a7a 0:\u5426)\\n\",StackEmpty(s));  \r\n                break;  \r\n                  \r\n            case 6:  \r\n                printf(\"\u6808\u662f\u5426\u4e3a\u7a7a\uff1a%d(1:\u7a7a 0:\u5426)\\n\",StackEmpty(s));  \r\n                break;  \r\n                  \r\n            case 0:  \r\n                exit(0);  \r\n        }  \r\n    }  \r\n    return 0;  \r\n}", "author": 1, "created_time": "2018-04-21T08:07:57.638Z", "last_updated_time": "2018-04-21T08:12:43.022Z"}}, {"model": "blog.blog", "pk": 3, "fields": {"title": "\u7b2c\u4e09\u7bc7", "blog_type": 1, "content": "\u5b57\u7b26\u4e0d\u80fd\u6253\u9519", "author": 1, "created_time": "2018-04-21T08:15:11.472Z", "last_updated_time": "2018-04-21T08:15:11.472Z"}}, {"model": "blog.blog", "pk": 4, "fields": {"title": "\u7b2c\u56db\u7bc7", "blog_type": 2, "content": "<h1><span style=\"color:#1abc9c\">\u54c8\u54c8\u54c8\u54c8\u54c8\u54c8\u54c8<br />\r\n<span style=\"background-color:#1abc9c\">\u591a\u6253</span></span></h1>", "author": 1, "created_time": "2018-04-22T12:31:25.280Z", "last_updated_time": "2018-05-08T12:48:47.543Z"}}, {"model": "blog.blog", "pk": 5, "fields": {"title": "shell \u4e0b\u7b2c\u4e94\u7bc7", "blog_type": 1, "content": "cccc", "author": 1, "created_time": "2018-04-30T07:47:20.354Z", "last_updated_time": "2018-04-30T07:47:20.354Z"}}, {"model": "blog.blog", "pk": 6, "fields": {"title": "for 1", "blog_type": 1, "content": "xxx:1", "author": 1, "created_time": "2018-04-30T07:54:22.094Z", "last_updated_time": "2018-04-30T07:54:22.094Z"}}, {"model": "blog.blog", "pk": 7, "fields": {"title": "for 2", "blog_type": 1, "content": "xxx:2", "author": 1, "created_time": "2018-04-30T07:54:22.108Z", "last_updated_time": "2018-04-30T07:54:22.108Z"}}, {"model": "blog.blog", "pk": 8, "fields": {"title": "for 3", "blog_type": 1, "content": "xxx:3", "author": 1, "created_time": "2018-04-30T07:54:22.113Z", "last_updated_time": "2018-04-30T07:54:22.113Z"}}, {"model": "blog.blog", "pk": 9, "fields": {"title": "for 4", "blog_type": 1, "content": "xxx:4", "author": 1, "created_time": "2018-04-30T07:54:22.122Z", "last_updated_time": "2018-04-30T07:54:22.122Z"}}, {"model": "blog.blog", "pk": 10, "fields": {"title": "for 5", "blog_type": 1, "content": "xxx:5", "author": 1, "created_time": "2018-04-30T07:54:22.132Z", "last_updated_time": "2018-04-30T07:54:22.132Z"}}, {"model": "blog.blog", "pk": 11, "fields": {"title": "for 6", "blog_type": 1, "content": "xxx:6", "author": 1, "created_time": "2018-04-30T07:54:22.144Z", "last_updated_time": "2018-04-30T07:54:22.144Z"}}, {"model": "blog.blog", "pk": 12, "fields": {"title": "for 7", "blog_type": 1, "content": "xxx:7", "author": 1, "created_time": "2018-04-30T07:54:22.155Z", "last_updated_time": "2018-04-30T07:54:22.155Z"}}, {"model": "blog.blog", "pk": 13, "fields": {"title": "for 8", "blog_type": 1, "content": "xxx:8", "author": 1, "created_time": "2018-04-30T07:54:22.163Z", "last_updated_time": "2018-04-30T07:54:22.163Z"}}, {"model": "blog.blog", "pk": 14, "fields": {"title": "for 9", "blog_type": 1, "content": "xxx:9", "author": 1, "created_time": "2018-04-30T07:54:22.173Z", "last_updated_time": "2018-04-30T07:54:22.173Z"}}, {"model": "blog.blog", "pk": 15, "fields": {"title": "for 10", "blog_type": 1, "content": "xxx:10", "author": 1, "created_time": "2018-04-30T07:54:22.179Z", "last_updated_time": "2018-04-30T07:54:22.179Z"}}, {"model": "blog.blog", "pk": 16, "fields": {"title": "for 11", "blog_type": 1, "content": "xxx:11", "author": 1, "created_time": "2018-04-30T07:54:22.186Z", "last_updated_time": "2018-04-30T07:54:22.186Z"}}, {"model": "blog.blog", "pk": 17, "fields": {"title": "for 12", "blog_type": 1, "content": "xxx:12", "author": 1, "created_time": "2018-04-30T07:54:22.192Z", "last_updated_time": "2018-04-30T07:54:22.192Z"}}, {"model": "blog.blog", "pk": 18, "fields": {"title": "for 13", "blog_type": 1, "content": "xxx:13", "author": 1, "created_time": "2018-04-30T07:54:22.198Z", "last_updated_time": "2018-04-30T07:54:22.199Z"}}, {"model": "blog.blog", "pk": 19, "fields": {"title": "for 14", "blog_type": 1, "content": "xxx:14", "author": 1, "created_time": "2018-04-30T07:54:22.209Z", "last_updated_time": "2018-04-30T07:54:22.209Z"}}, {"model": "blog.blog", "pk": 20, "fields": {"title": "for 15", "blog_type": 1, "content": "xxx:15", "author": 1, "created_time": "2018-04-30T07:54:22.219Z", "last_updated_time": "2018-04-30T07:54:22.219Z"}}, {"model": "blog.blog", "pk": 21, "fields": {"title": "for 16", "blog_type": 1, "content": "xxx:16", "author": 1, "created_time": "2018-04-30T07:54:22.228Z", "last_updated_time": "2018-04-30T07:54:22.228Z"}}, {"model": "blog.blog", "pk": 22, "fields": {"title": "for 17", "blog_type": 1, "content": "xxx:17", "author": 1, "created_time": "2018-04-30T07:54:22.237Z", "last_updated_time": "2018-04-30T07:54:22.237Z"}}, {"model": "blog.blog", "pk": 23, "fields": {"title": "for 18", "blog_type": 1, "content": "xxx:18", "author": 1, "created_time": "2018-04-30T07:54:22.246Z", "last_updated_time": "2018-04-30T07:54:22.246Z"}}, {"model": "blog.blog", "pk": 24, "fields": {"title": "for 19", "blog_type": 1, "content": "xxx:19", "author": 1, "created_time": "2018-04-30T07:54:22.254Z", "last_updated_time": "2018-04-30T07:54:22.254Z"}}, {"model": "blog.blog", "pk": 25, "fields": {"title": "for 20", "blog_type": 1, "content": "xxx:20", "author": 1, "created_time": "2018-04-30T07:54:22.260Z", "last_updated_time": "2018-04-30T07:54:22.260Z"}}, {"model": "blog.blog", "pk": 26, "fields": {"title": "for 21", "blog_type": 1, "content": "xxx:21", "author": 1, "created_time": "2018-04-30T07:54:22.266Z", "last_updated_time": "2018-04-30T07:54:22.266Z"}}, {"model": "blog.blog", "pk": 27, "fields": {"title": "for 22", "blog_type": 1, "content": "xxx:22", "author": 1, "created_time": "2018-04-30T07:54:22.274Z", "last_updated_time": "2018-04-30T07:54:22.274Z"}}, {"model": "blog.blog", "pk": 28, "fields": {"title": "for 23", "blog_type": 1, "content": "xxx:23", "author": 1, "created_time": "2018-04-30T07:54:22.281Z", "last_updated_time": "2018-04-30T07:54:22.281Z"}}, {"model": "blog.blog", "pk": 29, "fields": {"title": "for 24", "blog_type": 1, "content": "xxx:24", "author": 1, "created_time": "2018-04-30T07:54:22.291Z", "last_updated_time": "2018-04-30T07:54:22.291Z"}}, {"model": "blog.blog", "pk": 30, "fields": {"title": "for 25", "blog_type": 1, "content": "xxx:25", "author": 1, "created_time": "2018-04-30T07:54:22.300Z", "last_updated_time": "2018-04-30T07:54:22.300Z"}}, {"model": "blog.blog", "pk": 31, "fields": {"title": "for 26", "blog_type": 1, "content": "xxx:26", "author": 1, "created_time": "2018-04-30T07:54:22.310Z", "last_updated_time": "2018-04-30T07:54:22.310Z"}}, {"model": "blog.blog", "pk": 32, "fields": {"title": "for 27", "blog_type": 1, "content": "xxx:27", "author": 1, "created_time": "2018-04-30T07:54:22.320Z", "last_updated_time": "2018-04-30T07:54:22.320Z"}}, {"model": "blog.blog", "pk": 33, "fields": {"title": "for 28", "blog_type": 1, "content": "xxx:28", "author": 1, "created_time": "2018-04-30T07:54:22.336Z", "last_updated_time": "2018-04-30T07:54:22.336Z"}}, {"model": "blog.blog", "pk": 35, "fields": {"title": "for 30", "blog_type": 1, "content": "xxx:30", "author": 1, "created_time": "2018-04-30T07:54:22.348Z", "last_updated_time": "2018-04-30T07:54:22.348Z"}}, {"model": "blog.blog", "pk": 36, "fields": {"title": "kmp", "blog_type": 2, "content": "<p><img alt=\"\" src=\"/media/upload/2018/05/08/08f790529822720eb1faa1be77cb0a46f21fabba.jpg\" style=\"height:300px; width:450px\" /></p>\r\n\r\n<p>&nbsp;&nbsp;&nbsp;&nbsp;&nbsp;</p>\r\n\r\n<hr />\r\n<p><img alt=\"smiley\" src=\"http://127.0.0.1:8000/static/ckeditor/ckeditor/plugins/smiley/images/regular_smile.png\" style=\"height:23px; width:23px\" title=\"smiley\" />\u5b9e\u9a8c\u62a5\u544a \u5b9e\u9a8c\u56db\uff1a \u4e00\u3001\u5b9e\u9a8c\u540d\u79f0\uff1akmp\u7b97\u6cd5 \u4e8c\u3001\u5b9e\u9a8c\u5185\u5bb9\uff1a \u5b57\u7b26\u4e32\u5339\u914d\uff1a\u8bbe\u4e3b\u4e32\u4e3aptr=&quot;ababaaababaa&quot;;\uff0c\u8981\u6bd4\u8f83\u7684\u5b50\u4e32\u4e3aa=&ldquo;aab&rdquo;\uff1b \u4e09\u3001\u5b9e\u9a8c\u8fc7\u7a0b\uff1a 1\u3001\u5b9e\u9a8c\u5206\u6790\uff1a \u5b57\u7b26\u4e32\u5339\u914d\u6700\u7b80\u5355\u7684\u65b9\u6cd5\u53ef\u4ee5\u7528bf\u7b97\u6cd5\uff0cbf\u7b97\u6cd5\u592a\u66b4\u529b\u4e86\uff0c\u8fd9\u91cc\u91c7\u7528\u66f4\u597d\u7684\u7b97\u6cd5kmp KMP\u7b97\u6cd5\u7528\u5230\u4e86next\u6570\u7ec4\uff0c\u7136\u540e\u5229\u7528next\u6570\u7ec4\u7684\u503c\u6765\u63d0\u9ad8\u5339\u914d\u901f\u5ea6 2\u3001\u4e3b\u8981\u6570\u636e\u7ed3\u6784\uff1a char str[ N ] = {0}; char ptr[ N ] = {0}; int slen, plen; int next[ N ]; 3\u3001\u7b97\u6cd5\u601d\u60f3\uff1a Kmp\u7b97\u6cd5\u7684\u96be\u70b9\u5728\u4e8enext\u6570\u7ec4\u7684\u786e\u5b9a\uff0cnext[i]\u4ee3\u8868\u7740\uff0c\u9664\u53bb\u7b2ci\u4e2a\u6570\uff0c\u5728\u4e00\u4e2a\u5b57\u7b26\u4e32\u91cc\u9762\u4ece\u7b2c\u4e00\u4e2a\u6570\u5230\u7b2c\uff08i-1\uff09\u5b57\u7b26\u4e32\u524d\u7f00\u4e0e\u540e\u7f00\u6700\u957f\u91cd\u590d\u7684\u4e2a\u6570\u3002 \u4ec0\u4e48\u662f\u524d\u7f00\uff1f \u5728&ldquo;aba&rdquo;\u4e2d\uff0c\u524d\u7f00\u5c31\u662f&ldquo;ab&rdquo;\uff0c\u9664\u53bb\u6700\u540e\u4e00\u4e2a\u5b57\u7b26\u7684\u5269\u4f59\u5b57\u7b26\u4e32\u3002 \u540c\u7406\u53ef\u4ee5\u7406\u89e3\u540e\u7f00\u3002\u9664\u53bb\u7b2c\u4e00\u4e2a\u5b57\u7b26\u7684\u540e\u9762\u5168\u90e8\u7684\u5b57\u7b26\u4e32\u3002 \u5728&ldquo;aba&rdquo;\u4e2d\uff0c\u524d\u7f00\u662f&ldquo;ab&rdquo;\uff0c\u540e\u7f00\u662f&ldquo;ba&rdquo;\uff0c\u90a3\u4e48\u4e24\u8005\u6700\u957f\u7684\u5b50\u4e32\u5c31\u662f&ldquo;a&rdquo;\uff1b \u5728&ldquo;ababa&rdquo;\u4e2d\uff0c\u524d\u7f00\u662f&ldquo;abab&rdquo;\uff0c\u540e\u7f00\u662f&ldquo;baba&rdquo;\uff0c\u4e8c\u8005\u6700\u957f\u91cd\u590d\u5b50\u4e32\u662f&ldquo;aba&rdquo; 4\u3001\u6e90\u4ee3\u7801\uff1a #include #include #include #define N 100 void cal_next( char * str, int * next, int len ) //\u5f97\u5230next\u6570\u7ec4 { int i, j; next[0] = -1; for( i = 1; i &lt; len; i++ ) { j = next[ i - 1 ]; while( str[ j + 1 ] != str[ i ] &amp;&amp; ( j &gt;= 0 ) ) //\u4e0d\u5339\u914d\u56de\u6eaf { j = next[ j ]; } if( str[ i ] == str[ j + 1 ] ) { next[ i ] = j + 1; } else { next[ i ] = -1; } } } int KMP( char * str, int slen, char * ptr, int plen, int * next ) //kmp\u7b97\u6cd5\u7c7b\u4f3c\u4e0a\u9762\u7684cal_next { int s_i = 0, p_i = 0; while( s_i &lt; slen &amp;&amp; p_i &lt; plen ) { if( str[ s_i ] == ptr[ p_i ] ) { s_i++; p_i++; } else { if( p_i == 0 ) { s_i++; } else { p_i = next[ p_i - 1 ] + 1; } } } return ( p_i == plen ) ? ( s_i - plen ) : -1; //\u8fd4\u56de\u5339\u914d\u5230\u7684\u4f4d\u7f6e } int main() { char str[ N ] = {0}; char ptr[ N ] = {0}; int slen, plen; int next[ N ]; while( scanf( &quot;%s%s&quot;, str, ptr ) ) { slen = strlen( str ); plen = strlen( ptr ); cal_next( ptr, next, plen ); printf( &quot;%d\\n&quot;, KMP( str, slen, ptr, plen, next ) ); } return 0; } \u56db\u3001\u5b9e\u9a8c\u7ed3\u679c\u5206\u6790\uff1a \u5bf9\u4e8e\u6b63\u5e38\u7684\u5b57\u7b26\u4e32\u6a21\u5f0f\u5339\u914d\uff0c\u4e3b\u4e32\u957f\u5ea6\u4e3am\uff0c\u5b50\u4e32\u4e3an\uff0c\u65f6\u95f4\u590d\u6742\u5ea6\u4f1a\u5230\u8fbeO\uff08m*n\uff09\uff0c\u800c\u5982\u679c\u7528KMP\u7b97\u6cd5\uff0c\u590d\u6742\u5ea6\u5c06\u4f1a\u51cf\u5c11\u7ebf\u578b\u65f6\u95f4O\uff08m+n\uff09\u3002</p>", "author": 1, "created_time": "2018-05-01T06:45:57.730Z", "last_updated_time": "2018-05-08T14:02:59.584Z"}}, {"model": "blog.blog", "pk": 37, "fields": {"title": "\u7a00\u758f\u77e9\u9635\u7684\u7b80\u5355\u8fd0\u7b97", "blog_type": 5, "content": "<p style=\"margin-left:0cm; margin-right:0cm\"><strong><span style=\"background-color:white\"><span style=\"color:red\">\u5b9e\u9a8c\u62a5\u544a</span></span></strong></p>\r\n\r\n<p style=\"margin-left:0cm; margin-right:0cm\">\u5b9e\u9a8c\u4e94\uff1a</p>\r\n\r\n<p style=\"margin-left:0cm; margin-right:0cm\"><strong>\u4e00\u3001\u5b9e\u9a8c\u540d\u79f0\uff1a\u7a00\u758f\u77e9\u9635\u7684\u7b80\u5355\u8fd0\u7b97</strong></p>\r\n\r\n<p style=\"margin-left:0cm; margin-right:0cm\"><strong>\u4e8c\u3001\u5b9e\u9a8c\u5185\u5bb9</strong><strong>\uff1a</strong></p>\r\n\r\n<p style=\"margin-left:0cm; margin-right:0cm\">5*5\u7684\u7a00\u758f\u77e9\u9635\uff08\u6216\u8005\u81ea\u5b9a\u4e49\uff09\u7684\u5217\u5e8f\u9012\u589e\u8f6c\u7f6e\u4e0e\u5feb\u901f\u8f6c\u7f6e\u7b97\u6cd5\u7684\u6bd4\u8f83</p>\r\n\r\n<p style=\"margin-left:0cm; margin-right:0cm\"><strong>\u4e09\u3001\u5b9e\u9a8c\u8fc7\u7a0b\uff1a</strong></p>\r\n\r\n<p style=\"margin-left:0cm; margin-right:0cm\"><strong>1</strong><strong>\u3001\u5b9e\u9a8c\u5206\u6790\uff1a</strong></p>\r\n\r\n<p style=\"margin-left:0cm; margin-right:0cm\">\u7a00\u758f\u77e9\u9635\u4e2d\u5143\u7d20\u5c11\uff0c\u4e3a\u4e86\u8282\u7ea6\u7a7a\u95f4\u4e0e\u65f6\u95f4\uff0c\u6240\u4ee5\u7528\u4e09\u5143\u8868\u793a\u6cd5\uff0c\u6765\u8868\u793a\u77e9\u9635\uff0c\u53ef\u4ee5\u8282\u7ea6\u5927\u91cf\u7a7a\u95f4\u3002</p>\r\n\r\n<p style=\"margin-left:0cm; margin-right:0cm\"><strong>2</strong><strong>\u3001\u4e3b\u8981\u6570\u636e\u7ed3\u6784\uff1a</strong></p>\r\n\r\n<p style=\"margin-left:0cm; margin-right:0cm\">#define R 5</p>\r\n\r\n<p style=\"margin-left:0cm; margin-right:0cm\">#define C 5</p>\r\n\r\n<p style=\"margin-left:0cm; margin-right:0cm\">#define MAX 1000</p>\r\n\r\n<p style=\"margin-left:0cm; margin-right:0cm\">#define MAXS 10</p>\r\n\r\n<p style=\"margin-left:0cm; margin-right:0cm\">&nbsp;</p>\r\n\r\n<p style=\"margin-left:0cm; margin-right:0cm\">typedef struct</p>\r\n\r\n<p style=\"margin-left:0cm; margin-right:0cm\">{</p>\r\n\r\n<p style=\"margin-left:0cm; margin-right:0cm\">&nbsp;&nbsp;&nbsp; int row, col;&nbsp;&nbsp;&nbsp;&nbsp;&nbsp;&nbsp;&nbsp; //\u975e\u96f6\u5143\u7d20\u7684\u884c\u6570\uff0c\u5217\u6570\uff0c\u503c</p>\r\n\r\n<p style=\"margin-left:0cm; margin-right:0cm\">&nbsp;&nbsp;&nbsp; int e;</p>\r\n\r\n<p style=\"margin-left:0cm; margin-right:0cm\">}Triple;</p>\r\n\r\n<p style=\"margin-left:0cm; margin-right:0cm\">&nbsp;</p>\r\n\r\n<p style=\"margin-left:0cm; margin-right:0cm\">typedef struct</p>\r\n\r\n<p style=\"margin-left:0cm; margin-right:0cm\">{</p>\r\n\r\n<p style=\"margin-left:0cm; margin-right:0cm\">&nbsp;&nbsp;&nbsp; Triple data[MAX+1];</p>\r\n\r\n<p style=\"margin-left:0cm; margin-right:0cm\">&nbsp;&nbsp;&nbsp; int m, n, len;&nbsp;&nbsp;&nbsp;&nbsp;&nbsp;&nbsp;&nbsp; //\u7a00\u758f\u77e9\u9635\u7684\u884c\u6570\uff0c\u5217\u6570\uff0c\u975e\u96f6\u5143\u7d20\u4e2a\u6570</p>\r\n\r\n<p style=\"margin-left:0cm; margin-right:0cm\">}TSMatrix;</p>\r\n\r\n<p style=\"margin-left:0cm; margin-right:0cm\">&nbsp;</p>\r\n\r\n<p style=\"margin-left:0cm; margin-right:0cm\"><strong>3</strong><strong>\u3001\u7b97\u6cd5\u601d\u60f3\uff1a</strong></p>\r\n\r\n<p style=\"margin-left:0cm; margin-right:0cm\">\u5bf9\u4e8e\u5217\u5e8f\u9012\u589e\u8f6c\u7f6e\u7b97\u6cd5\uff0c\u8981\u901a\u8fc7\u53cc\u5c42\u5faa\u73af\u6765\u5b8c\u6210\u3002\u8981\u6539\u5584\u7b97\u6cd5\u7684\u65f6\u95f4\u6027\u80fd\uff0c\u5fc5\u987b\u53bb\u6389\u53cc\u5c42\u5faa\u73af\uff0c\u4f7f\u6574\u4e2a\u8f6c\u7f6e\u8fc7\u7a0b\u901a\u8fc7\u4e00\u91cd\u5faa\u73af\u6765\u5b8c\u6210\u3002</p>\r\n\r\n<p style=\"margin-left:0cm; margin-right:0cm\">\u6240\u4ee5\u8981\u8ba1\u7b97\u597d\u5f85\u8f6c\u7f6e\u77e9\u9635\u4e09\u5143\u7ec4\u8868A\u6bcf\u4e00\u5217\u4e2d\u975e\u96f6\u5143\u7d20\u7684\u603b\u4e2a\u6570\uff0c\u5373\u8f6c\u7f6e\u540e\u77e9\u9635\u4e09\u5143\u7ec4\u8868B\u7684\u6bcf\u4e00\u884c\u4e2d\u975e\u96f6\u5143\u7d20\u7684\u603b\u4e2a\u6570\uff0c\u548c\u5f85\u8f6c\u7f6e\u77e9\u9635\u6bcf\u4e00\u5217\u4e2d\u7b2c\u4e00\u4e2a\u975e\u96f6\u5143\u7d20\u5728\u4e09\u5143\u79df\u8868B\u4e2d\u7684\u6b63\u786e\u4f4d\u7f6e\uff0c\u5373\u8f6c\u7f6e\u540e\u77e9\u9635\u6bcf\u4e00\u884c\u4e2d\u7b2c\u4e00\u4e2a\u975e\u96f6\u5143\u7d20\u5728\u4e09\u5143\u7ec4\u8868\u4e2d\u7684\u6b63\u786e\u4f4d\u7f6e\u3002</p>\r\n\r\n<p style=\"margin-left:0cm; margin-right:0cm\">&nbsp;</p>\r\n\r\n<p style=\"margin-left:0cm; margin-right:0cm\"><strong>4</strong><strong>\u3001\u6e90\u4ee3\u7801\uff1a</strong></p>\r\n\r\n<p style=\"margin-left:0cm; margin-right:0cm\">/*</p>\r\n\r\n<p style=\"margin-left:0cm; margin-right:0cm\">\u7a00\u758f\u77e9\u9635\u7684\u7b80\u5355\u8fd0\u7b97\uff1a</p>\r\n\r\n<p style=\"margin-left:0cm; margin-right:0cm\">&nbsp;</p>\r\n\r\n<p style=\"margin-left:0cm; margin-right:0cm\">\u5217\u5e8f\u9012\u589e\u8f6c\u7f6e</p>\r\n\r\n<p style=\"margin-left:0cm; margin-right:0cm\">\u4e00\u6b21\u5b9a\u4f4d\u5feb\u901f\u8f6c\u7f6e</p>\r\n\r\n<p style=\"margin-left:0cm; margin-right:0cm\">*/</p>\r\n\r\n<p style=\"margin-left:0cm; margin-right:0cm\">&nbsp;</p>\r\n\r\n<p style=\"margin-left:0cm; margin-right:0cm\">#include &lt;stdio.h&gt;</p>\r\n\r\n<p style=\"margin-left:0cm; margin-right:0cm\">#include &lt;string.h&gt;</p>\r\n\r\n<p style=\"margin-left:0cm; margin-right:0cm\">&nbsp;</p>\r\n\r\n<p style=\"margin-left:0cm; margin-right:0cm\">&nbsp;</p>\r\n\r\n<p style=\"margin-left:0cm; margin-right:0cm\">#define R 5</p>\r\n\r\n<p style=\"margin-left:0cm; margin-right:0cm\">#define C 5</p>\r\n\r\n<p style=\"margin-left:0cm; margin-right:0cm\">#define MAX 1000</p>\r\n\r\n<p style=\"margin-left:0cm; margin-right:0cm\">#define MAXS 10</p>\r\n\r\n<p style=\"margin-left:0cm; margin-right:0cm\">&nbsp;</p>\r\n\r\n<p style=\"margin-left:0cm; margin-right:0cm\">typedef struct</p>\r\n\r\n<p style=\"margin-left:0cm; margin-right:0cm\">{</p>\r\n\r\n<p style=\"margin-left:0cm; margin-right:0cm\">&nbsp;&nbsp;&nbsp; int row, col;&nbsp;&nbsp;&nbsp;&nbsp;&nbsp;&nbsp;&nbsp; //\u975e\u96f6\u5143\u7d20\u7684\u884c\u6570\uff0c\u5217\u6570\uff0c\u503c</p>\r\n\r\n<p style=\"margin-left:0cm; margin-right:0cm\">&nbsp;&nbsp;&nbsp; int e;</p>\r\n\r\n<p style=\"margin-left:0cm; margin-right:0cm\">}Triple;</p>\r\n\r\n<p style=\"margin-left:0cm; margin-right:0cm\">&nbsp;</p>\r\n\r\n<p style=\"margin-left:0cm; margin-right:0cm\">typedef struct</p>\r\n\r\n<p style=\"margin-left:0cm; margin-right:0cm\">{</p>\r\n\r\n<p style=\"margin-left:0cm; margin-right:0cm\">&nbsp;&nbsp;&nbsp; Triple data[MAX+1];</p>\r\n\r\n<p style=\"margin-left:0cm; margin-right:0cm\">&nbsp;&nbsp;&nbsp; int m, n, len;&nbsp;&nbsp;&nbsp;&nbsp;&nbsp;&nbsp;&nbsp; //\u7a00\u758f\u77e9\u9635\u7684\u884c\u6570\uff0c\u5217\u6570\uff0c\u975e\u96f6\u5143\u7d20\u4e2a\u6570</p>\r\n\r\n<p style=\"margin-left:0cm; margin-right:0cm\">}TSMatrix;</p>\r\n\r\n<p style=\"margin-left:0cm; margin-right:0cm\">&nbsp;</p>\r\n\r\n<p style=\"margin-left:0cm; margin-right:0cm\">//\u51fd\u6570\u58f0\u660e</p>\r\n\r\n<p style=\"margin-left:0cm; margin-right:0cm\">void print(TSMatrix A);&nbsp;&nbsp;&nbsp;&nbsp;&nbsp;&nbsp;&nbsp; //\u8f93\u51fa\u4e09\u5143\u7ec4\u8868</p>\r\n\r\n<p style=\"margin-left:0cm; margin-right:0cm\">TSMatrix create(TSMatrix A, int a[R][C], TSMatrix B);&nbsp;&nbsp;&nbsp;&nbsp;&nbsp;&nbsp;&nbsp; //\u521b\u5efa\u7a00\u758f\u77e9\u9635</p>\r\n\r\n<p style=\"margin-left:0cm; margin-right:0cm\">void TranposeTSMatrix(TSMatrix A, TSMatrix *B);&nbsp;&nbsp;&nbsp;&nbsp;&nbsp;&nbsp;&nbsp;&nbsp;&nbsp;&nbsp;&nbsp;&nbsp;&nbsp;&nbsp;&nbsp; //\u5217\u5e8f\u9012\u589e\u8f6c\u7f6e</p>\r\n\r\n<p style=\"margin-left:0cm; margin-right:0cm\">void FastTranposeTSMatrix(TSMatrix A, TSMatrix *B);&nbsp;&nbsp;&nbsp;&nbsp;&nbsp;&nbsp;&nbsp;&nbsp; //\u4e00\u6b21\u5b9a\u4f4d\u5feb\u901f\u8f6c\u7f6e</p>\r\n\r\n<p style=\"margin-left:0cm; margin-right:0cm\">&nbsp;</p>\r\n\r\n<p style=\"margin-left:0cm; margin-right:0cm\">//\u8f93\u51fa\u4e09\u5143\u7ec4\u8868</p>\r\n\r\n<p style=\"margin-left:0cm; margin-right:0cm\">void print(TSMatrix A)</p>\r\n\r\n<p style=\"margin-left:0cm; margin-right:0cm\">{</p>\r\n\r\n<p style=\"margin-left:0cm; margin-right:0cm\">&nbsp;&nbsp;&nbsp; int i;</p>\r\n\r\n<p style=\"margin-left:0cm; margin-right:0cm\">&nbsp;</p>\r\n\r\n<p style=\"margin-left:0cm; margin-right:0cm\">&nbsp;&nbsp;&nbsp; printf(&quot;row col&nbsp;&nbsp;&nbsp; e\\n&quot;);</p>\r\n\r\n<p style=\"margin-left:0cm; margin-right:0cm\">&nbsp;&nbsp;&nbsp; for(i = 1; i &lt;= A.len; i++)</p>\r\n\r\n<p style=\"margin-left:0cm; margin-right:0cm\">&nbsp;&nbsp;&nbsp; {</p>\r\n\r\n<p style=\"margin-left:0cm; margin-right:0cm\">&nbsp;&nbsp;&nbsp;&nbsp;&nbsp;&nbsp;&nbsp; printf(&quot;%3d%4d%5d\\n&quot;, A.data[i].row, A.data[i].col, A.data[i].e);</p>\r\n\r\n<p style=\"margin-left:0cm; margin-right:0cm\">&nbsp;&nbsp;&nbsp; }</p>\r\n\r\n<p style=\"margin-left:0cm; margin-right:0cm\">}</p>\r\n\r\n<p style=\"margin-left:0cm; margin-right:0cm\">&nbsp;</p>\r\n\r\n<p style=\"margin-left:0cm; margin-right:0cm\">//\u521b\u5efa\u7a00\u758f\u77e9\u9635</p>\r\n\r\n<p style=\"margin-left:0cm; margin-right:0cm\">TSMatrix create(TSMatrix A, int a[R][C], TSMatrix B)</p>\r\n\r\n<p style=\"margin-left:0cm; margin-right:0cm\">{</p>\r\n\r\n<p style=\"margin-left:0cm; margin-right:0cm\">&nbsp;&nbsp;&nbsp; int i, j;</p>\r\n\r\n<p style=\"margin-left:0cm; margin-right:0cm\">&nbsp;&nbsp;&nbsp; A.m = R;</p>\r\n\r\n<p style=\"margin-left:0cm; margin-right:0cm\">&nbsp;&nbsp;&nbsp; A.n = C;</p>\r\n\r\n<p style=\"margin-left:0cm; margin-right:0cm\">&nbsp;&nbsp;&nbsp; A.len = 0;</p>\r\n\r\n<p style=\"margin-left:0cm; margin-right:0cm\">&nbsp;</p>\r\n\r\n<p style=\"margin-left:0cm; margin-right:0cm\">&nbsp;&nbsp;&nbsp; printf(&quot;\u8bf7\u8f93\u5165%d * %d\u7684\u7a00\u758f\u77e9\u9635\\n&quot;, A.m, A.n);</p>\r\n\r\n<p style=\"margin-left:0cm; margin-right:0cm\">&nbsp;&nbsp;&nbsp; for(i = 0, j = 0; i &lt; A.m; i++, j = 0)</p>\r\n\r\n<p style=\"margin-left:0cm; margin-right:0cm\">&nbsp;&nbsp;&nbsp; {</p>\r\n\r\n<p style=\"margin-left:0cm; margin-right:0cm\">&nbsp;&nbsp;&nbsp;&nbsp;&nbsp;&nbsp;&nbsp; printf(&quot;\u7b2c%d\u884c\u77e9\u9635\u5143\u7d20\u4e3a\uff1a&quot;, i+1);</p>\r\n\r\n<p style=\"margin-left:0cm; margin-right:0cm\">&nbsp;&nbsp;&nbsp;&nbsp;&nbsp;&nbsp;&nbsp; scanf(&quot;%d%d%d%d%d&quot;, &amp;a[i][j], &amp;a[i][j+1], &amp;a[i][j+2], &amp;a[i][j+3], &amp;a[i][j+4]);</p>\r\n\r\n<p style=\"margin-left:0cm; margin-right:0cm\">//&nbsp;&nbsp;&nbsp;&nbsp;&nbsp;&nbsp;&nbsp; printf(&quot;\\n&quot;);</p>\r\n\r\n<p style=\"margin-left:0cm; margin-right:0cm\">&nbsp;&nbsp;&nbsp; }&nbsp;&nbsp;&nbsp; //\u8f93\u5165\u7a00\u758f\u77e9\u9635</p>\r\n\r\n<p style=\"margin-left:0cm; margin-right:0cm\">&nbsp;</p>\r\n\r\n<p style=\"margin-left:0cm; margin-right:0cm\">&nbsp;&nbsp;&nbsp; printf(&quot;\u77e9\u9635\u4e3a\uff1a\\n&quot;);</p>\r\n\r\n<p style=\"margin-left:0cm; margin-right:0cm\">&nbsp;&nbsp;&nbsp; for(i=0; i&lt;A.m;i++)</p>\r\n\r\n<p style=\"margin-left:0cm; margin-right:0cm\">&nbsp;&nbsp;&nbsp; {</p>\r\n\r\n<p style=\"margin-left:0cm; margin-right:0cm\">&nbsp;&nbsp;&nbsp;&nbsp;&nbsp;&nbsp;&nbsp; for(j=0; j&lt;A.n;j++)</p>\r\n\r\n<p style=\"margin-left:0cm; margin-right:0cm\">&nbsp;&nbsp;&nbsp;&nbsp;&nbsp;&nbsp;&nbsp; {</p>\r\n\r\n<p style=\"margin-left:0cm; margin-right:0cm\">&nbsp;&nbsp;&nbsp;&nbsp;&nbsp;&nbsp;&nbsp;&nbsp;&nbsp;&nbsp;&nbsp; if(a[i][j] != 0)</p>\r\n\r\n<p style=\"margin-left:0cm; margin-right:0cm\">&nbsp;&nbsp;&nbsp;&nbsp;&nbsp;&nbsp;&nbsp;&nbsp;&nbsp;&nbsp;&nbsp; {</p>\r\n\r\n<p style=\"margin-left:0cm; margin-right:0cm\">&nbsp;&nbsp;&nbsp;&nbsp;&nbsp;&nbsp;&nbsp;&nbsp;&nbsp;&nbsp;&nbsp;&nbsp;&nbsp;&nbsp;&nbsp; A.len++;</p>\r\n\r\n<p style=\"margin-left:0cm; margin-right:0cm\">&nbsp;&nbsp;&nbsp;&nbsp;&nbsp;&nbsp;&nbsp;&nbsp;&nbsp;&nbsp;&nbsp;&nbsp;&nbsp;&nbsp;&nbsp; A.data[A.len].row = i+1;</p>\r\n\r\n<p style=\"margin-left:0cm; margin-right:0cm\">&nbsp;&nbsp;&nbsp;&nbsp;&nbsp;&nbsp;&nbsp;&nbsp;&nbsp;&nbsp;&nbsp;&nbsp;&nbsp;&nbsp;&nbsp; A.data[A.len].col = j+1;</p>\r\n\r\n<p style=\"margin-left:0cm; margin-right:0cm\">&nbsp;&nbsp;&nbsp;&nbsp;&nbsp;&nbsp;&nbsp;&nbsp;&nbsp;&nbsp;&nbsp;&nbsp;&nbsp;&nbsp;&nbsp; A.data[A.len].e = a[i][j];</p>\r\n\r\n<p style=\"margin-left:0cm; margin-right:0cm\">&nbsp;&nbsp;&nbsp;&nbsp;&nbsp;&nbsp;&nbsp;&nbsp;&nbsp;&nbsp;&nbsp; }</p>\r\n\r\n<p style=\"margin-left:0cm; margin-right:0cm\">&nbsp;&nbsp;&nbsp;&nbsp;&nbsp;&nbsp;&nbsp;&nbsp;&nbsp;&nbsp;&nbsp; printf(&quot;%5d&quot;, a[i][j]);</p>\r\n\r\n<p style=\"margin-left:0cm; margin-right:0cm\">&nbsp;&nbsp;&nbsp;&nbsp;&nbsp;&nbsp;&nbsp; }</p>\r\n\r\n<p style=\"margin-left:0cm; margin-right:0cm\">&nbsp;&nbsp;&nbsp;&nbsp;&nbsp;&nbsp;&nbsp; printf(&quot;\\n&quot;);</p>\r\n\r\n<p style=\"margin-left:0cm; margin-right:0cm\">&nbsp;&nbsp;&nbsp; }&nbsp;&nbsp;&nbsp; //\u8f93\u51fa\u77e9\u9635\uff0c\u5e76\u7edf\u8ba1\u975e\u96f6\u5143\u7d20\u4e2a\u6570A.len</p>\r\n\r\n<p style=\"margin-left:0cm; margin-right:0cm\">&nbsp;</p>\r\n\r\n<p style=\"margin-left:0cm; margin-right:0cm\">&nbsp;&nbsp;&nbsp; if(A.len &lt; 7)</p>\r\n\r\n<p style=\"margin-left:0cm; margin-right:0cm\">&nbsp;&nbsp;&nbsp; {</p>\r\n\r\n<p style=\"margin-left:0cm; margin-right:0cm\">&nbsp;&nbsp;&nbsp;&nbsp;&nbsp;&nbsp;&nbsp; printf(&quot;\u7a00\u758f\u77e9\u9635\u5171\u6709%d\u4e2a\u975e\u96f6\u5143\u7d20\uff01\\n&quot;, A.len);</p>\r\n\r\n<p style=\"margin-left:0cm; margin-right:0cm\">&nbsp;&nbsp;&nbsp;&nbsp;&nbsp;&nbsp;&nbsp; //\u8f93\u51fa\u4e09\u5143\u7ec4\u8868A</p>\r\n\r\n<p style=\"margin-left:0cm; margin-right:0cm\">&nbsp;&nbsp;&nbsp;&nbsp;&nbsp;&nbsp;&nbsp; printf(&quot;\u8f93\u51fa\u4e09\u5143\u7ec4\u8868 A \u4e3a:\\n&quot;);</p>\r\n\r\n<p style=\"margin-left:0cm; margin-right:0cm\">&nbsp;&nbsp;&nbsp;&nbsp;&nbsp;&nbsp;&nbsp; print(A);</p>\r\n\r\n<p style=\"margin-left:0cm; margin-right:0cm\">&nbsp;</p>\r\n\r\n<p style=\"margin-left:0cm; margin-right:0cm\">&nbsp;&nbsp;&nbsp;&nbsp;&nbsp;&nbsp;&nbsp; //\u8f93\u51fa \u6309\u5217\u5e8f\u8f6c\u7f6e\u540e \u7684\u4e09\u5143\u7ec4\u8868B</p>\r\n\r\n<p style=\"margin-left:0cm; margin-right:0cm\">&nbsp;&nbsp;&nbsp;&nbsp;&nbsp;&nbsp;&nbsp; printf(&quot;\u6309\u5217\u5e8f\u8f6c\u7f6e\u540e\u4e09\u5143\u7ec4\u8868 B \u4e3a\uff1a\\n&quot;);</p>\r\n\r\n<p style=\"margin-left:0cm; margin-right:0cm\">&nbsp;&nbsp;&nbsp;&nbsp;&nbsp;&nbsp;&nbsp; TranposeTSMatrix(A, &amp;B);</p>\r\n\r\n<p style=\"margin-left:0cm; margin-right:0cm\">&nbsp;&nbsp;&nbsp;&nbsp;&nbsp;&nbsp;&nbsp; print(B);</p>\r\n\r\n<p style=\"margin-left:0cm; margin-right:0cm\">&nbsp;</p>\r\n\r\n<p style=\"margin-left:0cm; margin-right:0cm\">&nbsp;&nbsp;&nbsp;&nbsp;&nbsp;&nbsp;&nbsp; //\u8f93\u51fa \u5feb\u901f\u8f6c\u7f6e\u6cd5&nbsp; \u7684\u4e09\u5143\u7ec4\u8868B</p>\r\n\r\n<p style=\"margin-left:0cm; margin-right:0cm\">&nbsp;&nbsp;&nbsp;&nbsp;&nbsp;&nbsp;&nbsp; printf(&quot;\u6309\u5feb\u901f\u8f6c\u7f6e\u6cd5\u8f6c\u7f6e\u540e\u7684\u4e09\u5143\u7ec4\u8868 B \u4e3a\uff1a\\n&quot;);</p>\r\n\r\n<p style=\"margin-left:0cm; margin-right:0cm\">&nbsp;&nbsp;&nbsp;&nbsp;&nbsp;&nbsp;&nbsp; FastTranposeTSMatrix(A, &amp;B);</p>\r\n\r\n<p style=\"margin-left:0cm; margin-right:0cm\">&nbsp;&nbsp;&nbsp;&nbsp;&nbsp;&nbsp;&nbsp; print(B);</p>\r\n\r\n<p style=\"margin-left:0cm; margin-right:0cm\">&nbsp;&nbsp;&nbsp; }</p>\r\n\r\n<p style=\"margin-left:0cm; margin-right:0cm\">&nbsp;&nbsp;&nbsp; else</p>\r\n\r\n<p style=\"margin-left:0cm; margin-right:0cm\">&nbsp; &nbsp;&nbsp;{</p>\r\n\r\n<p style=\"margin-left:0cm; margin-right:0cm\">&nbsp;&nbsp;&nbsp;&nbsp;&nbsp;&nbsp;&nbsp; printf(&quot;\u56e0\u4e3a A.len = %d, A.len &gt;= %f &quot;, A.len, (5*5*0.3));</p>\r\n\r\n<p style=\"margin-left:0cm; margin-right:0cm\">&nbsp;&nbsp;&nbsp;&nbsp;&nbsp;&nbsp;&nbsp; printf(&quot;\u6240\u4ee5 \u4f60\u8f93\u5165\u7684\u4e0d\u662f\u7a00\u758f\u77e9\u9635! \\n&quot;);</p>\r\n\r\n<p style=\"margin-left:0cm; margin-right:0cm\">//&nbsp;&nbsp;&nbsp;&nbsp;&nbsp;&nbsp;&nbsp; create(A, a, B);</p>\r\n\r\n<p style=\"margin-left:0cm; margin-right:0cm\">&nbsp;&nbsp;&nbsp; }&nbsp;&nbsp;&nbsp; //\u5224\u65ad\u662f\u5426\u4e3a\u7a00\u758f\u77e9\u9635\uff0c\u82e5\u4e0d\u662f\u5219\u91cd\u65b0\u8f93\u5165</p>\r\n\r\n<p style=\"margin-left:0cm; margin-right:0cm\">&nbsp;</p>\r\n\r\n<p style=\"margin-left:0cm; margin-right:0cm\">&nbsp;&nbsp;&nbsp; printf(&quot;\\n&quot;);</p>\r\n\r\n<p style=\"margin-left:0cm; margin-right:0cm\">&nbsp;&nbsp;&nbsp; return A;</p>\r\n\r\n<p style=\"margin-left:0cm; margin-right:0cm\">}</p>\r\n\r\n<p style=\"margin-left:0cm; margin-right:0cm\">&nbsp;</p>\r\n\r\n<p style=\"margin-left:0cm; margin-right:0cm\">//\u5217\u5e8f\u9012\u589e\u8f6c\u7f6e</p>\r\n\r\n<p style=\"margin-left:0cm; margin-right:0cm\">void TranposeTSMatrix(TSMatrix A, TSMatrix *B){</p>\r\n\r\n<p style=\"margin-left:0cm; margin-right:0cm\">&nbsp;&nbsp;&nbsp; int i, j, k;</p>\r\n\r\n<p style=\"margin-left:0cm; margin-right:0cm\">&nbsp;&nbsp;&nbsp; B-&gt;m = A.m;</p>\r\n\r\n<p style=\"margin-left:0cm; margin-right:0cm\">&nbsp;&nbsp;&nbsp; B-&gt;n = A.n;</p>\r\n\r\n<p style=\"margin-left:0cm; margin-right:0cm\">&nbsp;&nbsp;&nbsp; B-&gt;len = A.len;</p>\r\n\r\n<p style=\"margin-left:0cm; margin-right:0cm\">&nbsp;</p>\r\n\r\n<p style=\"margin-left:0cm; margin-right:0cm\">&nbsp;&nbsp;&nbsp; if(B-&gt;len &gt; 0)</p>\r\n\r\n<p style=\"margin-left:0cm; margin-right:0cm\">&nbsp;&nbsp;&nbsp; {</p>\r\n\r\n<p style=\"margin-left:0cm; margin-right:0cm\">&nbsp;&nbsp;&nbsp;&nbsp;&nbsp;&nbsp;&nbsp; j = 1;</p>\r\n\r\n<p style=\"margin-left:0cm; margin-right:0cm\">&nbsp;&nbsp;&nbsp;&nbsp;&nbsp;&nbsp;&nbsp; for(k = 1; k &lt;= B-&gt;n; k++)</p>\r\n\r\n<p style=\"margin-left:0cm; margin-right:0cm\">&nbsp;&nbsp;&nbsp;&nbsp;&nbsp;&nbsp;&nbsp; {</p>\r\n\r\n<p style=\"margin-left:0cm; margin-right:0cm\">&nbsp;&nbsp;&nbsp;&nbsp;&nbsp;&nbsp;&nbsp;&nbsp;&nbsp;&nbsp;&nbsp; for(i = 1; i &lt;= B-&gt;len; i++)</p>\r\n\r\n<p style=\"margin-left:0cm; margin-right:0cm\">&nbsp;&nbsp;&nbsp;&nbsp;&nbsp;&nbsp;&nbsp;&nbsp;&nbsp;&nbsp;&nbsp; {</p>\r\n\r\n<p style=\"margin-left:0cm; margin-right:0cm\">&nbsp;&nbsp;&nbsp;&nbsp;&nbsp;&nbsp;&nbsp;&nbsp;&nbsp;&nbsp;&nbsp;&nbsp;&nbsp;&nbsp;&nbsp; if(A.data[i].col == k)</p>\r\n\r\n<p style=\"margin-left:0cm; margin-right:0cm\">&nbsp;&nbsp;&nbsp;&nbsp;&nbsp;&nbsp;&nbsp;&nbsp;&nbsp;&nbsp;&nbsp;&nbsp;&nbsp;&nbsp;&nbsp; {</p>\r\n\r\n<p style=\"margin-left:0cm; margin-right:0cm\">&nbsp;&nbsp;&nbsp;&nbsp;&nbsp;&nbsp;&nbsp;&nbsp;&nbsp;&nbsp;&nbsp;&nbsp;&nbsp;&nbsp;&nbsp;&nbsp;&nbsp;&nbsp;&nbsp; B-&gt;data[j].row = A.data[i].col;</p>\r\n\r\n<p style=\"margin-left:0cm; margin-right:0cm\">&nbsp;&nbsp;&nbsp;&nbsp;&nbsp;&nbsp;&nbsp;&nbsp;&nbsp;&nbsp;&nbsp;&nbsp;&nbsp;&nbsp;&nbsp;&nbsp;&nbsp;&nbsp;&nbsp; B-&gt;data[j].col = A.data[i].row;</p>\r\n\r\n<p style=\"margin-left:0cm; margin-right:0cm\">&nbsp;&nbsp;&nbsp;&nbsp;&nbsp;&nbsp;&nbsp;&nbsp;&nbsp;&nbsp;&nbsp;&nbsp;&nbsp;&nbsp;&nbsp;&nbsp;&nbsp;&nbsp;&nbsp; B-&gt;data[j].e = A.data[i].e;</p>\r\n\r\n<p style=\"margin-left:0cm; margin-right:0cm\">&nbsp;&nbsp;&nbsp;&nbsp;&nbsp;&nbsp;&nbsp;&nbsp;&nbsp;&nbsp;&nbsp;&nbsp;&nbsp;&nbsp;&nbsp;&nbsp;&nbsp;&nbsp;&nbsp; j++;</p>\r\n\r\n<p style=\"margin-left:0cm; margin-right:0cm\">&nbsp;&nbsp;&nbsp;&nbsp;&nbsp;&nbsp;&nbsp;&nbsp;&nbsp;&nbsp;&nbsp;&nbsp;&nbsp;&nbsp;&nbsp; }</p>\r\n\r\n<p style=\"margin-left:0cm; margin-right:0cm\">&nbsp;&nbsp;&nbsp;&nbsp;&nbsp;&nbsp;&nbsp;&nbsp;&nbsp;&nbsp;&nbsp; }</p>\r\n\r\n<p style=\"margin-left:0cm; margin-right:0cm\">&nbsp;&nbsp;&nbsp;&nbsp;&nbsp;&nbsp;&nbsp; }</p>\r\n\r\n<p style=\"margin-left:0cm; margin-right:0cm\">&nbsp;&nbsp;&nbsp; }</p>\r\n\r\n<p style=\"margin-left:0cm; margin-right:0cm\">}&nbsp;&nbsp;&nbsp; //\u6309\u5217\u5e8f\u9012\u589e\u8f6c\u7f6e</p>\r\n\r\n<p style=\"margin-left:0cm; margin-right:0cm\">&nbsp;</p>\r\n\r\n<p style=\"margin-left:0cm; margin-right:0cm\">//\u4e00\u6b21\u5b9a\u4f4d\u5feb\u901f\u8f6c\u7f6e</p>\r\n\r\n<p style=\"margin-left:0cm; margin-right:0cm\">void FastTranposeTSMatrix(TSMatrix A, TSMatrix *B){</p>\r\n\r\n<p style=\"margin-left:0cm; margin-right:0cm\">&nbsp;&nbsp;&nbsp; int col, t, p, q;</p>\r\n\r\n<p style=\"margin-left:0cm; margin-right:0cm\">&nbsp;&nbsp;&nbsp; int num[MAXS],&nbsp; position[MAXS];</p>\r\n\r\n<p style=\"margin-left:0cm; margin-right:0cm\">&nbsp;&nbsp;&nbsp; B-&gt;len = A.len;</p>\r\n\r\n<p style=\"margin-left:0cm; margin-right:0cm\">&nbsp;&nbsp;&nbsp; B-&gt;m = A.m;</p>\r\n\r\n<p style=\"margin-left:0cm; margin-right:0cm\">&nbsp;&nbsp;&nbsp; B-&gt;n = A.n;</p>\r\n\r\n<p style=\"margin-left:0cm; margin-right:0cm\">&nbsp;</p>\r\n\r\n<p style=\"margin-left:0cm; margin-right:0cm\">&nbsp;&nbsp;&nbsp; if(B-&gt;len)</p>\r\n\r\n<p style=\"margin-left:0cm; margin-right:0cm\">&nbsp;&nbsp;&nbsp; {</p>\r\n\r\n<p style=\"margin-left:0cm; margin-right:0cm\">&nbsp;&nbsp;&nbsp;&nbsp;&nbsp;&nbsp;&nbsp; for(col = 1; col &lt;= A.n; col++)</p>\r\n\r\n<p style=\"margin-left:0cm; margin-right:0cm\">&nbsp;&nbsp;&nbsp;&nbsp;&nbsp;&nbsp;&nbsp;&nbsp;&nbsp;&nbsp;&nbsp; num[col] = 0;</p>\r\n\r\n<p style=\"margin-left:0cm; margin-right:0cm\">&nbsp;&nbsp;&nbsp;&nbsp;&nbsp;&nbsp;&nbsp; for(t = 1; t &lt;= A.len; t++)</p>\r\n\r\n<p style=\"margin-left:0cm; margin-right:0cm\">&nbsp;&nbsp;&nbsp;&nbsp;&nbsp;&nbsp;&nbsp;&nbsp;&nbsp;&nbsp;&nbsp; num[A.data[t].col]++;</p>\r\n\r\n<p style=\"margin-left:0cm; margin-right:0cm\">&nbsp;&nbsp;&nbsp;&nbsp;&nbsp;&nbsp;&nbsp; position[1] = 1;</p>\r\n\r\n<p style=\"margin-left:0cm; margin-right:0cm\">&nbsp;&nbsp;&nbsp;&nbsp;&nbsp;&nbsp;&nbsp; for(col = 2; col &lt;= A.n; col++)</p>\r\n\r\n<p style=\"margin-left:0cm; margin-right:0cm\">&nbsp;&nbsp;&nbsp;&nbsp;&nbsp;&nbsp;&nbsp;&nbsp;&nbsp;&nbsp;&nbsp; position[col] = position[col-1] + num[col-1];</p>\r\n\r\n<p style=\"margin-left:0cm; margin-right:0cm\">&nbsp;&nbsp;&nbsp;&nbsp;&nbsp;&nbsp;&nbsp; for(p = 1; p &lt;= A.len; p++)</p>\r\n\r\n<p style=\"margin-left:0cm; margin-right:0cm\">&nbsp;&nbsp;&nbsp;&nbsp;&nbsp;&nbsp;&nbsp; {</p>\r\n\r\n<p style=\"margin-left:0cm; margin-right:0cm\">&nbsp;&nbsp;&nbsp;&nbsp;&nbsp;&nbsp;&nbsp;&nbsp;&nbsp;&nbsp;&nbsp; col = A.data[p].col;</p>\r\n\r\n<p style=\"margin-left:0cm; margin-right:0cm\">&nbsp;&nbsp;&nbsp;&nbsp;&nbsp;&nbsp;&nbsp;&nbsp;&nbsp;&nbsp;&nbsp; q = position[col];</p>\r\n\r\n<p style=\"margin-left:0cm; margin-right:0cm\">&nbsp;&nbsp;&nbsp;&nbsp;&nbsp;&nbsp;&nbsp;&nbsp;&nbsp;&nbsp;&nbsp; B-&gt;data[q].row = A.data[p].col;</p>\r\n\r\n<p style=\"margin-left:0cm; margin-right:0cm\">&nbsp;&nbsp;&nbsp;&nbsp;&nbsp;&nbsp;&nbsp;&nbsp;&nbsp;&nbsp;&nbsp; B-&gt;data[q].col = A.data[p].row;</p>\r\n\r\n<p style=\"margin-left:0cm; margin-right:0cm\">&nbsp;&nbsp;&nbsp;&nbsp;&nbsp;&nbsp;&nbsp;&nbsp;&nbsp;&nbsp;&nbsp; B-&gt;data[q].e = A.data[p].e;</p>\r\n\r\n<p style=\"margin-left:0cm; margin-right:0cm\">&nbsp;&nbsp;&nbsp;&nbsp;&nbsp;&nbsp;&nbsp;&nbsp;&nbsp;&nbsp;&nbsp; position[col]++;</p>\r\n\r\n<p style=\"margin-left:0cm; margin-right:0cm\">&nbsp;&nbsp;&nbsp;&nbsp;&nbsp;&nbsp;&nbsp; }</p>\r\n\r\n<p style=\"margin-left:0cm; margin-right:0cm\">&nbsp;&nbsp;&nbsp; }</p>\r\n\r\n<p style=\"margin-left:0cm; margin-right:0cm\">}&nbsp;&nbsp;&nbsp; //\u5feb\u901f\u8f6c\u7f6e\u6cd5</p>\r\n\r\n<p style=\"margin-left:0cm; margin-right:0cm\">&nbsp;</p>\r\n\r\n<p style=\"margin-left:0cm; margin-right:0cm\">&nbsp;</p>\r\n\r\n<p style=\"margin-left:0cm; margin-right:0cm\">int main(void)</p>\r\n\r\n<p style=\"margin-left:0cm; margin-right:0cm\">{</p>\r\n\r\n<p style=\"margin-left:0cm; margin-right:0cm\">&nbsp;&nbsp;&nbsp; TSMatrix A;</p>\r\n\r\n<p style=\"margin-left:0cm; margin-right:0cm\">&nbsp;&nbsp;&nbsp; TSMatrix B;</p>\r\n\r\n<p style=\"margin-left:0cm; margin-right:0cm\">&nbsp;&nbsp;&nbsp; int a[R][C], i = 1;</p>\r\n\r\n<p style=\"margin-left:0cm; margin-right:0cm\">&nbsp;</p>\r\n\r\n<p style=\"margin-left:0cm; margin-right:0cm\">&nbsp;&nbsp;&nbsp; while(i){</p>\r\n\r\n<p style=\"margin-left:0cm; margin-right:0cm\">&nbsp;&nbsp;&nbsp;&nbsp;&nbsp;&nbsp;&nbsp; create(A, a, B);</p>\r\n\r\n<p style=\"margin-left:0cm; margin-right:0cm\">&nbsp;&nbsp;&nbsp; }</p>\r\n\r\n<p style=\"margin-left:0cm; margin-right:0cm\">&nbsp;</p>\r\n\r\n<p style=\"margin-left:0cm; margin-right:0cm\">&nbsp;&nbsp;&nbsp; return 0;</p>\r\n\r\n<p style=\"margin-left:0cm; margin-right:0cm\">}</p>\r\n\r\n<p style=\"margin-left:0cm; margin-right:0cm\"><img alt=\"\u8bf4\u660e: C:\\Users\\cxq\\Documents\\Tencent Files\\1986541495\\FileRecv\\MobileFile\\Image\\6)PTY%7](ZMU34ABCVSA~FY.png\" src=\"file:///C:\\Users\\cxq\\AppData\\Local\\Temp\\msohtmlclip1\\01\\clip_image002.jpg\" style=\"height:200px; width:200px\" /><img alt=\"\u8bf4\u660e: C:\\Users\\cxq\\Documents\\Tencent Files\\1986541495\\FileRecv\\MobileFile\\Image\\P9QY3B%U%DATRGP_J6~RZ(D.png\" src=\"file:///C:\\Users\\cxq\\AppData\\Local\\Temp\\msohtmlclip1\\01\\clip_image004.jpg\" style=\"height:219px; width:445px\" /></p>\r\n\r\n<p style=\"margin-left:0cm; margin-right:0cm\">&nbsp;</p>\r\n\r\n<p style=\"margin-left:0cm; margin-right:0cm\"><strong>\u56db\u3001\u5b9e\u9a8c\u7ed3\u679c\u5206\u6790\uff1a</strong></p>\r\n\r\n<p style=\"margin-left:0cm; margin-right:0cm\">\u5bf9\u4e8e\u5e8f\u9012\u589e\u8f6c\u7f6e\u7b97\u6cd5\uff0c\u5176\u4e3b\u8981\u662f\u5728\u53cc\u5c42\u5faa\u73af\u4e2d\uff0c\u5176\u65f6\u95f4\u590d\u6742\u5ea6\u4e3aO(A.n*A.len)\u3002\u6700\u574f\u7684\u60c5\u51b5\u4e3a\uff1a\u4f46A.len =A.m*A.n\u65f6\uff0c\u65f6\u95f4\u590d\u6742\u5ea6\u4e3aO(A.m*A.n^2)\u56e0\u6b64\uff0c\u4e09\u5143\u7ec4\u8868\u793a\u6cd5\u4ec5\u9002\u5408\u7528\u4e8e\u7a00\u758f\u77e9\u9635\u3002\u5bf9\u4e8e\u4e00\u6b21\u5b9a\u4f4d\u5feb\u901f\u8f6c\u7f6e\u6cd5\u7684\u65f6\u95f4\u590d\u6742\u5ea6\u4e3aO(A.m+A.n)\uff0c\u4f46\u77e9\u9635\u4e2d\u975e\u96f6\u5143\u7d20\u63a5\u8fd1A.n*A.m\u65f6\uff0c\u5176\u65f6\u95f4\u590d\u6742\u5ea6\u63a5\u8fd1\u4e8eO(A.m*A.n)</p>\r\n\r\n<p style=\"margin-left:0cm; margin-right:0cm\">&nbsp;</p>", "author": 1, "created_time": "2018-05-13T14:07:34.278Z", "last_updated_time": "2018-05-13T14:08:59.779Z"}}, {"model": "comment.comment", "pk": 1, "fields": {"content_type": 8, "object_id": 36, "text": "qq", "comment_time": "2018-05-26T08:10:02.979Z", "user": 1, "root": null, "parent": null, "reply_to": null}}, {"model": "comment.comment", "pk": 2, "fields": {"content_type": 8, "object_id": 35, "text": "123", "comment_time": "2018-05-30T08:09:20.997Z", "user": 1, "root": null, "parent": null, "reply_to": null}}, {"model": "comment.comment", "pk": 3, "fields": {"content_type": 8, "object_id": 35, "text": "123", "comment_time": "2018-05-30T08:09:43.544Z", "user": 1, "root": null, "parent": null, "reply_to": null}}, {"model": "comment.comment", "pk": 4, "fields": {"content_type": 8, "object_id": 35, "text": "123", "comment_time": "2018-05-30T08:10:16.627Z", "user": 1, "root": null, "parent": null, "reply_to": null}}, {"model": "comment.comment", "pk": 5, "fields": {"content_type": 8, "object_id": 35, "text": "12", "comment_time": "2018-05-30T08:10:19.690Z", "user": 1, "root": null, "parent": null, "reply_to": null}}, {"model": "comment.comment", "pk": 6, "fields": {"content_type": 8, "object_id": 35, "text": "4t", "comment_time": "2018-05-30T08:31:32.184Z", "user": 1, "root": null, "parent": null, "reply_to": null}}, {"model": "comment.comment", "pk": 7, "fields": {"content_type": 8, "object_id": 35, "text": "", "comment_time": "2018-05-30T08:31:56.129Z", "user": 1, "root": null, "parent": null, "reply_to": null}}, {"model": "comment.comment", "pk": 8, "fields": {"content_type": 8, "object_id": 32, "text": "ddd", "comment_time": "2018-05-30T12:12:50.898Z", "user": 1, "root": null, "parent": null, "reply_to": null}}, {"model": "comment.comment", "pk": 9, "fields": {"content_type": 8, "object_id": 35, "text": "1577", "comment_time": "2018-06-06T14:14:55.791Z", "user": 1, "root": null, "parent": null, "reply_to": null}}, {"model": "comment.comment", "pk": 10, "fields": {"content_type": 8, "object_id": 35, "text": "\u9876\u9876\u9876\u9876", "comment_time": "2018-06-27T12:23:08.057Z", "user": 1, "root": null, "parent": null, "reply_to": null}}, {"model": "comment.comment", "pk": 11, "fields": {"content_type": 8, "object_id": 35, "text": "eeee", "comment_time": "2018-06-28T08:09:12.965Z", "user": 1, "root": null, "parent": null, "reply_to": null}}, {"model": "comment.comment", "pk": 12, "fields": {"content_type": 8, "object_id": 35, "text": "\u5443\u5443\u5443\r\ne", "comment_time": "2018-06-30T01:20:47.623Z", "user": 1, "root": null, "parent": null, "reply_to": null}}, {"model": "comment.comment", "pk": 13, "fields": {"content_type": 8, "object_id": 34, "text": "rrgerg", "comment_time": "2018-06-30T01:36:52.300Z", "user": 1, "root": null, "parent": null, "reply_to": null}}, {"model": "comment.comment", "pk": 14, "fields": {"content_type": 8, "object_id": 33, "text": "wwww", "comment_time": "2018-06-30T02:25:05.872Z", "user": 1, "root": null, "parent": null, "reply_to": null}}, {"model": "comment.comment", "pk": 15, "fields": {"content_type": 8, "object_id": 33, "text": "eee", "comment_time": "2018-06-30T02:25:08.940Z", "user": 1, "root": null, "parent": null, "reply_to": null}}, {"model": "comment.comment", "pk": 16, "fields": {"content_type": 8, "object_id": 36, "text": "<p><img alt=\"sad\" src=\"http://127.0.0.1:8000/static/ckeditor/ckeditor/plugins/smiley/images/sad_smile.png\" style=\"height:23px; width:23px\" title=\"sad\" /></p>", "comment_time": "2018-06-30T06:10:36.645Z", "user": 1, "root": null, "parent": null, "reply_to": null}}, {"model": "comment.comment", "pk": 17, "fields": {"content_type": 8, "object_id": 2, "text": "<p>ghj</p>", "comment_time": "2018-06-30T06:22:16.755Z", "user": 1, "root": null, "parent": null, "reply_to": null}}, {"model": "comment.comment", "pk": 18, "fields": {"content_type": 8, "object_id": 33, "text": "<p>yyyy</p>", "comment_time": "2018-06-30T06:22:30.260Z", "user": 1, "root": null, "parent": null, "reply_to": null}}, {"model": "comment.comment", "pk": 19, "fields": {"content_type": 8, "object_id": 32, "text": "<p>err</p>", "comment_time": "2018-06-30T06:32:05.489Z", "user": 1, "root": null, "parent": null, "reply_to": null}}, {"model": "comment.comment", "pk": 20, "fields": {"content_type": 8, "object_id": 32, "text": "<p>33</p>", "comment_time": "2018-06-30T07:04:43.737Z", "user": 1, "root": null, "parent": null, "reply_to": null}}, {"model": "comment.comment", "pk": 21, "fields": {"content_type": 8, "object_id": 32, "text": "<p>33</p>", "comment_time": "2018-06-30T07:04:47.302Z", "user": 1, "root": null, "parent": null, "reply_to": null}}, {"model": "comment.comment", "pk": 22, "fields": {"content_type": 8, "object_id": 32, "text": "<p>33</p>", "comment_time": "2018-06-30T07:04:47.754Z", "user": 1, "root": null, "parent": null, "reply_to": null}}, {"model": "comment.comment", "pk": 23, "fields": {"content_type": 8, "object_id": 32, "text": "<p>33</p>", "comment_time": "2018-06-30T07:04:47.911Z", "user": 1, "root": null, "parent": null, "reply_to": null}}, {"model": "comment.comment", "pk": 24, "fields": {"content_type": 8, "object_id": 32, "text": "<p>33</p>", "comment_time": "2018-06-30T07:04:48.080Z", "user": 1, "root": null, "parent": null, "reply_to": null}}, {"model": "comment.comment", "pk": 25, "fields": {"content_type": 8, "object_id": 32, "text": "<p>33</p>", "comment_time": "2018-06-30T07:04:48.232Z", "user": 1, "root": null, "parent": null, "reply_to": null}}, {"model": "comment.comment", "pk": 26, "fields": {"content_type": 8, "object_id": 32, "text": "<p>33</p>", "comment_time": "2018-06-30T07:05:21.258Z", "user": 1, "root": null, "parent": null, "reply_to": null}}, {"model": "comment.comment", "pk": 27, "fields": {"content_type": 8, "object_id": 33, "text": "<p>hh</p>", "comment_time": "2018-06-30T07:05:38.572Z", "user": 1, "root": null, "parent": null, "reply_to": null}}, {"model": "comment.comment", "pk": 28, "fields": {"content_type": 8, "object_id": 33, "text": "<p>hh</p>", "comment_time": "2018-06-30T07:05:38.801Z", "user": 1, "root": null, "parent": null, "reply_to": null}}, {"model": "comment.comment", "pk": 29, "fields": {"content_type": 8, "object_id": 33, "text": "<p>hh</p>", "comment_time": "2018-06-30T07:05:44.634Z", "user": 1, "root": null, "parent": null, "reply_to": null}}, {"model": "comment.comment", "pk": 30, "fields": {"content_type": 8, "object_id": 33, "text": "<p>h</p>", "comment_time": "2018-06-30T07:05:52.501Z", "user": 1, "root": null, "parent": null, "reply_to": null}}, {"model": "comment.comment", "pk": 31, "fields": {"content_type": 8, "object_id": 33, "text": "<p>h</p>", "comment_time": "2018-06-30T07:05:53.137Z", "user": 1, "root": null, "parent": null, "reply_to": null}}, {"model": "comment.comment", "pk": 32, "fields": {"content_type": 8, "object_id": 33, "text": "<p>h</p>", "comment_time": "2018-06-30T07:07:53.924Z", "user": 1, "root": null, "parent": null, "reply_to": null}}, {"model": "comment.comment", "pk": 33, "fields": {"content_type": 8, "object_id": 33, "text": "<p>68</p>", "comment_time": "2018-06-30T07:08:49.414Z", "user": 1, "root": null, "parent": null, "reply_to": null}}, {"model": "comment.comment", "pk": 34, "fields": {"content_type": 8, "object_id": 35, "text": "<p>\u5bf9\u7684\u591a</p>", "comment_time": "2018-06-30T07:51:45.731Z", "user": 1, "root": null, "parent": null, "reply_to": null}}, {"model": "comment.comment", "pk": 35, "fields": {"content_type": 8, "object_id": 35, "text": "<p>\u5bf9\u7684\u591a</p>", "comment_time": "2018-06-30T07:52:57.727Z", "user": 1, "root": null, "parent": null, "reply_to": null}}, {"model": "comment.comment", "pk": 36, "fields": {"content_type": 8, "object_id": 35, "text": "<p>\u653e\u677e\u653e\u677e</p>\r\n\r\n<p>&nbsp;</p>", "comment_time": "2018-06-30T07:53:06.991Z", "user": 1, "root": null, "parent": null, "reply_to": null}}, {"model": "comment.comment", "pk": 37, "fields": {"content_type": 8, "object_id": 35, "text": "<p>\u653e\u677e\u653e\u677e</p>\r\n\r\n<p>&nbsp;</p>", "comment_time": "2018-06-30T08:03:11.940Z", "user": 1, "root": null, "parent": null, "reply_to": null}}, {"model": "comment.comment", "pk": 38, "fields": {"content_type": 8, "object_id": 35, "text": "<p>222</p>", "comment_time": "2018-06-30T08:36:01.635Z", "user": 1, "root": null, "parent": null, "reply_to": null}}, {"model": "comment.comment", "pk": 39, "fields": {"content_type": 8, "object_id": 35, "text": "<p>222<img alt=\"angry\" height=\"23\" src=\"http://127.0.0.1:8000/static/ckeditor/ckeditor/plugins/smiley/images/angry_smile.png\" title=\"angry\" width=\"23\" /></p>", "comment_time": "2018-06-30T08:37:03.089Z", "user": 1, "root": null, "parent": null, "reply_to": null}}, {"model": "comment.comment", "pk": 40, "fields": {"content_type": 8, "object_id": 36, "text": "<p>\u6eda\u6eda\u6eda</p>", "comment_time": "2018-06-30T08:38:02.336Z", "user": 1, "root": null, "parent": null, "reply_to": null}}, {"model": "comment.comment", "pk": 41, "fields": {"content_type": 8, "object_id": 36, "text": "<p>\u6eda\u6eda\u6eda</p>", "comment_time": "2018-06-30T08:38:49.067Z", "user": 1, "root": null, "parent": null, "reply_to": null}}, {"model": "comment.comment", "pk": 42, "fields": {"content_type": 8, "object_id": 36, "text": "<p>\u6eda\u6eda\u6eda</p>", "comment_time": "2018-06-30T08:39:41.621Z", "user": 1, "root": null, "parent": null, "reply_to": null}}, {"model": "comment.comment", "pk": 43, "fields": {"content_type": 8, "object_id": 36, "text": "<p>\u6eda\u6eda\u6eda</p>", "comment_time": "2018-06-30T08:39:44.730Z", "user": 1, "root": null, "parent": null, "reply_to": null}}, {"model": "comment.comment", "pk": 44, "fields": {"content_type": 8, "object_id": 36, "text": "<p>\u6eda\u6eda\u6eda</p>", "comment_time": "2018-06-30T08:40:33.418Z", "user": 1, "root": null, "parent": null, "reply_to": null}}, {"model": "comment.comment", "pk": 45, "fields": {"content_type": 8, "object_id": 36, "text": "<p>\u5bf9\u7684\u591a</p>", "comment_time": "2018-06-30T08:40:38.708Z", "user": 1, "root": null, "parent": null, "reply_to": null}}, {"model": "comment.comment", "pk": 46, "fields": {"content_type": 8, "object_id": 36, "text": "<p>\u4f46\u662f</p>", "comment_time": "2018-06-30T08:40:42.040Z", "user": 1, "root": null, "parent": null, "reply_to": null}}, {"model": "comment.comment", "pk": 47, "fields": {"content_type": 8, "object_id": 36, "text": "<p><img alt=\"wink\" height=\"23\" src=\"http://127.0.0.1:8000/static/ckeditor/ckeditor/plugins/smiley/images/wink_smile.png\" title=\"wink\" width=\"23\" />1</p>", "comment_time": "2018-06-30T08:45:53.039Z", "user": 1, "root": null, "parent": null, "reply_to": null}}, {"model": "comment.comment", "pk": 48, "fields": {"content_type": 8, "object_id": 30, "text": "<p>\u7b49\u7b49</p>", "comment_time": "2018-06-30T08:50:58.433Z", "user": 1, "root": null, "parent": null, "reply_to": null}}, {"model": "comment.comment", "pk": 49, "fields": {"content_type": 8, "object_id": 33, "text": "<p>22fds</p>", "comment_time": "2018-07-02T10:14:33.053Z", "user": 1, "root": null, "parent": null, "reply_to": null}}, {"model": "comment.comment", "pk": 50, "fields": {"content_type": 8, "object_id": 31, "text": "<p><img alt=\"wink\" height=\"23\" src=\"http://127.0.0.1:8000/static/ckeditor/ckeditor/plugins/smiley/images/wink_smile.png\" title=\"wink\" width=\"23\" /><img alt=\"wink\" height=\"23\" src=\"http://127.0.0.1:8000/static/ckeditor/ckeditor/plugins/smiley/images/wink_smile.png\" title=\"wink\" width=\"23\" /></p>", "comment_time": "2018-07-02T10:16:06.256Z", "user": 3, "root": null, "parent": null, "reply_to": null}}, {"model": "comment.comment", "pk": 51, "fields": {"content_type": 8, "object_id": 31, "text": "<p>&euro;<img alt=\"angry\" height=\"23\" src=\"http://127.0.0.1:8000/static/ckeditor/ckeditor/plugins/smiley/images/angry_smile.png\" title=\"angry\" width=\"23\" /></p>", "comment_time": "2018-07-02T10:16:13.540Z", "user": 3, "root": null, "parent": null, "reply_to": null}}, {"model": "comment.comment", "pk": 52, "fields": {"content_type": 8, "object_id": 31, "text": "<p><img alt=\"cool\" height=\"23\" src=\"http://127.0.0.1:8000/static/ckeditor/ckeditor/plugins/smiley/images/shades_smile.png\" title=\"cool\" width=\"23\" /></p>", "comment_time": "2018-07-02T10:16:18.234Z", "user": 3, "root": null, "parent": null, "reply_to": null}}, {"model": "comment.comment", "pk": 53, "fields": {"content_type": 8, "object_id": 33, "text": "<p>qq</p>", "comment_time": "2018-07-02T10:24:11.697Z", "user": 1, "root": null, "parent": null, "reply_to": null}}, {"model": "comment.comment", "pk": 54, "fields": {"content_type": 8, "object_id": 33, "text": "<p>fsa</p>", "comment_time": "2018-07-02T10:24:33.373Z", "user": 1, "root": null, "parent": null, "reply_to": null}}, {"model": "comment.comment", "pk": 55, "fields": {"content_type": 8, "object_id": 33, "text": "<p>sfa</p>", "comment_time": "2018-07-02T10:24:36.553Z", "user": 1, "root": null, "parent": null, "reply_to": null}}, {"model": "comment.comment", "pk": 56, "fields": {"content_type": 8, "object_id": 1, "text": "123", "comment_time": "2018-07-03T06:22:31.250Z", "user": 2, "root": null, "parent": null, "reply_to": null}}, {"model": "comment.comment", "pk": 57, "fields": {"content_type": 8, "object_id": 33, "text": "<p><img alt=\"sad\" height=\"23\" src=\"http://127.0.0.1:8000/static/ckeditor/ckeditor/plugins/smiley/images/sad_smile.png\" title=\"sad\" width=\"23\" /></p>", "comment_time": "2018-07-03T07:23:06.920Z", "user": 1, "root": null, "parent": null, "reply_to": null}}, {"model": "comment.comment", "pk": 58, "fields": {"content_type": 8, "object_id": 33, "text": "<p><img alt=\"frown\" height=\"23\" src=\"http://127.0.0.1:8000/static/ckeditor/ckeditor/plugins/smiley/images/confused_smile.png\" title=\"frown\" width=\"23\" /></p>", "comment_time": "2018-07-03T10:00:09.091Z", "user": 1, "root": null, "parent": null, "reply_to": null}}, {"model": "comment.comment", "pk": 59, "fields": {"content_type": 8, "object_id": 33, "text": "<p>444</p>", "comment_time": "2018-07-03T10:00:13.855Z", "user": 1, "root": null, "parent": null, "reply_to": null}}, {"model": "comment.comment", "pk": 60, "fields": {"content_type": 8, "object_id": 31, "text": "<p>\u53bb</p>", "comment_time": "2018-07-04T08:28:53.260Z", "user": 1, "root": null, "parent": null, "reply_to": null}}, {"model": "comment.comment", "pk": 61, "fields": {"content_type": 8, "object_id": 31, "text": "<p>QQ</p>", "comment_time": "2018-07-04T08:28:57.355Z", "user": 1, "root": null, "parent": null, "reply_to": null}}, {"model": "comment.comment", "pk": 62, "fields": {"content_type": 8, "object_id": 32, "text": "<p>\u4f46\u662f</p>", "comment_time": "2018-07-04T08:30:16.532Z", "user": 1, "root": null, "parent": null, "reply_to": null}}, {"model": "comment.comment", "pk": 63, "fields": {"content_type": 8, "object_id": 2, "text": "<p>rtt</p>", "comment_time": "2018-07-05T06:00:35.793Z", "user": 1, "root": null, "parent": null, "reply_to": null}}, {"model": "comment.comment", "pk": 64, "fields": {"content_type": 8, "object_id": 2, "text": "<p>eee</p>", "comment_time": "2018-07-05T06:03:50.921Z", "user": 1, "root": 63, "parent": 63, "reply_to": 1}}, {"model": "comment.comment", "pk": 65, "fields": {"content_type": 8, "object_id": 35, "text": "<p>yyyy</p>", "comment_time": "2018-07-05T06:06:29.150Z", "user": 1, "root": 39, "parent": 39, "reply_to": 1}}, {"model": "comment.comment", "pk": 66, "fields": {"content_type": 8, "object_id": 31, "text": "<p>ddd</p>", "comment_time": "2018-07-05T08:01:06.200Z", "user": 1, "root": null, "parent": null, "reply_to": null}}, {"model": "comment.comment", "pk": 67, "fields": {"content_type": 8, "object_id": 31, "text": "<p>ddd</p>", "comment_time": "2018-07-05T08:01:09.109Z", "user": 1, "root": 66, "parent": 66, "reply_to": 1}}, {"model": "comment.comment", "pk": 68, "fields": {"content_type": 8, "object_id": 35, "text": "<p>3333</p>", "comment_time": "2018-07-09T01:55:12.374Z", "user": 1, "root": null, "parent": null, "reply_to": null}}, {"model": "comment.comment", "pk": 69, "fields": {"content_type": 8, "object_id": 35, "text": "<p>33</p>", "comment_time": "2018-07-09T01:55:15.776Z", "user": 1, "root": 39, "parent": 65, "reply_to": 1}}, {"model": "comment.comment", "pk": 70, "fields": {"content_type": 8, "object_id": 33, "text": "<p><img alt=\"laugh\" height=\"23\" src=\"http://127.0.0.1:8002/static/ckeditor/ckeditor/plugins/smiley/images/teeth_smile.png\" title=\"laugh\" width=\"23\" /></p>", "comment_time": "2018-07-09T02:01:41.245Z", "user": 1, "root": 58, "parent": 58, "reply_to": 1}}, {"model": "comment.comment", "pk": 71, "fields": {"content_type": 8, "object_id": 35, "text": "<p>\u5bf9\u7684\u591a</p>", "comment_time": "2018-07-09T07:25:55.340Z", "user": 1, "root": null, "parent": null, "reply_to": null}}, {"model": "comment.comment", "pk": 72, "fields": {"content_type": 8, "object_id": 33, "text": "<p>88</p>", "comment_time": "2018-07-09T08:19:54.913Z", "user": 1, "root": 59, "parent": 59, "reply_to": 1}}, {"model": "comment.comment", "pk": 73, "fields": {"content_type": 8, "object_id": 35, "text": "<p>ee</p>", "comment_time": "2018-07-09T08:24:51.105Z", "user": 1, "root": 71, "parent": 71, "reply_to": 1}}, {"model": "comment.comment", "pk": 74, "fields": {"content_type": 8, "object_id": 35, "text": "<p>ss</p>", "comment_time": "2018-07-10T02:55:18.424Z", "user": 1, "root": null, "parent": null, "reply_to": null}}, {"model": "likes.likerecord", "pk": 5, "fields": {"content_type": 12, "object_id": 47, "user": 1, "liked_time": "2018-07-09T06:47:19.472Z"}}, {"model": "likes.likerecord", "pk": 6, "fields": {"content_type": 12, "object_id": 46, "user": 1, "liked_time": "2018-07-09T06:47:20.411Z"}}, {"model": "likes.likerecord", "pk": 7, "fields": {"content_type": 12, "object_id": 45, "user": 1, "liked_time": "2018-07-09T06:47:22.000Z"}}, {"model": "likes.likerecord", "pk": 8, "fields": {"content_type": 12, "object_id": 38, "user": 1, "liked_time": "2018-07-09T07:19:53.120Z"}}, {"model": "likes.likerecord", "pk": 10, "fields": {"content_type": 12, "object_id": 68, "user": 1, "liked_time": "2018-07-09T07:19:56.762Z"}}, {"model": "likes.likerecord", "pk": 11, "fields": {"content_type": 8, "object_id": 35, "user": 1, "liked_time": "2018-07-09T07:19:59.459Z"}}, {"model": "likes.likerecord", "pk": 12, "fields": {"content_type": 12, "object_id": 71, "user": 1, "liked_time": "2018-07-09T07:26:01.419Z"}}, {"model": "likes.likerecord", "pk": 15, "fields": {"content_type": 12, "object_id": 73, "user": 1, "liked_time": "2018-07-09T08:24:53.078Z"}}, {"model": "likes.likerecord", "pk": 16, "fields": {"content_type": 12, "object_id": 59, "user": 1, "liked_time": "2018-07-09T08:25:09.255Z"}}, {"model": "likes.likerecord", "pk": 17, "fields": {"content_type": 8, "object_id": 33, "user": 1, "liked_time": "2018-07-09T08:25:13.794Z"}}, {"model": "likes.likerecord", "pk": 18, "fields": {"content_type": 12, "object_id": 37, "user": 1, "liked_time": "2018-08-22T09:52:02.567Z"}}, {"model": "user.profile", "pk": 2, "fields": {"user": 1, "nickname": "\u9648\u76f8\u6f06"}}, {"model": "admin.logentry", "pk": 1, "fields": {"action_time": "2018-04-18T12:46:56.066Z", "user": 1, "content_type": 7, "object_id": "1", "object_repr": "BlogType object (1)", "action_flag": 1, "change_message": "[{\"added\": {}}]"}}, {"model": "admin.logentry", "pk": 2, "fields": {"action_time": "2018-04-18T12:47:10.296Z", "user": 1, "content_type": 7, "object_id": "2", "object_repr": "BlogType object (2)", "action_flag": 1, "change_message": "[{\"added\": {}}]"}}, {"model": "admin.logentry", "pk": 3, "fields": {"action_time": "2018-04-18T12:47:17.885Z", "user": 1, "content_type": 7, "object_id": "3", "object_repr": "BlogType object (3)", "action_flag": 1, "change_message": "[{\"added\": {}}]"}}, {"model": "admin.logentry", "pk": 4, "fields": {"action_time": "2018-04-18T12:51:03.300Z", "user": 1, "content_type": 8, "object_id": "1", "object_repr": "<Blog: \u7b2c\u4e00\u7bc7\u535a\u5ba2>", "action_flag": 1, "change_message": "[{\"added\": {}}]"}}, {"model": "admin.logentry", "pk": 5, "fields": {"action_time": "2018-04-21T08:07:57.648Z", "user": 1, "content_type": 8, "object_id": "2", "object_repr": "<Blog: \u7b2c\u4e8c\u7bc7>", "action_flag": 1, "change_message": "[{\"added\": {}}]"}}, {"model": "admin.logentry", "pk": 6, "fields": {"action_time": "2018-04-21T08:11:31.703Z", "user": 1, "content_type": 8, "object_id": "1", "object_repr": "<Blog: \u7b2c\u4e00\u7bc7\u535a\u5ba2>", "action_flag": 2, "change_message": "[{\"changed\": {\"fields\": [\"content\"]}}]"}}, {"model": "admin.logentry", "pk": 7, "fields": {"action_time": "2018-04-21T08:12:43.030Z", "user": 1, "content_type": 8, "object_id": "2", "object_repr": "<Blog: \u7b2c\u4e8c\u7bc7>", "action_flag": 2, "change_message": "[{\"changed\": {\"fields\": [\"content\"]}}]"}}, {"model": "admin.logentry", "pk": 8, "fields": {"action_time": "2018-04-21T08:14:14.308Z", "user": 1, "content_type": 7, "object_id": "4", "object_repr": "\u968f\u7b14", "action_flag": 1, "change_message": "[{\"added\": {}}]"}}, {"model": "admin.logentry", "pk": 9, "fields": {"action_time": "2018-04-21T08:15:11.480Z", "user": 1, "content_type": 8, "object_id": "3", "object_repr": "<Blog: \u7b2c\u4e09\u7bc7>", "action_flag": 1, "change_message": "[{\"added\": {}}]"}}, {"model": "admin.logentry", "pk": 10, "fields": {"action_time": "2018-04-22T12:31:25.283Z", "user": 1, "content_type": 8, "object_id": "4", "object_repr": "<Blog: \u7b2c\u56db\u7bc7>", "action_flag": 1, "change_message": "[{\"added\": {}}]"}}, {"model": "admin.logentry", "pk": 11, "fields": {"action_time": "2018-04-29T04:56:19.248Z", "user": 1, "content_type": 7, "object_id": "4", "object_repr": "\u968f\u7b14", "action_flag": 3, "change_message": ""}}, {"model": "admin.logentry", "pk": 12, "fields": {"action_time": "2018-05-01T06:45:57.731Z", "user": 1, "content_type": 8, "object_id": "36", "object_repr": "<Blog: kmp>", "action_flag": 1, "change_message": "[{\"added\": {}}]"}}, {"model": "admin.logentry", "pk": 13, "fields": {"action_time": "2018-05-08T12:33:42.721Z", "user": 1, "content_type": 8, "object_id": "4", "object_repr": "<Blog: \u7b2c\u56db\u7bc7>", "action_flag": 2, "change_message": "[{\"changed\": {\"fields\": [\"content\"]}}]"}}, {"model": "admin.logentry", "pk": 14, "fields": {"action_time": "2018-05-08T12:48:47.545Z", "user": 1, "content_type": 8, "object_id": "4", "object_repr": "<Blog: \u7b2c\u56db\u7bc7>", "action_flag": 2, "change_message": "[{\"changed\": {\"fields\": [\"content\"]}}]"}}, {"model": "admin.logentry", "pk": 15, "fields": {"action_time": "2018-05-08T13:15:49.143Z", "user": 1, "content_type": 8, "object_id": "36", "object_repr": "<Blog: kmp>", "action_flag": 2, "change_message": "[{\"changed\": {\"fields\": [\"content\"]}}]"}}, {"model": "admin.logentry", "pk": 16, "fields": {"action_time": "2018-05-08T13:29:30.542Z", "user": 1, "content_type": 8, "object_id": "37", "object_repr": "<Blog: \u56fe\u7247>", "action_flag": 1, "change_message": "[{\"added\": {}}]"}}, {"model": "admin.logentry", "pk": 17, "fields": {"action_time": "2018-05-08T13:30:46.759Z", "user": 1, "content_type": 8, "object_id": "37", "object_repr": "<Blog: \u56fe\u7247>", "action_flag": 3, "change_message": ""}}, {"model": "admin.logentry", "pk": 18, "fields": {"action_time": "2018-05-09T07:45:16.175Z", "user": 1, "content_type": 9, "object_id": "1", "object_repr": "ReadNum object (1)", "action_flag": 1, "change_message": "[{\"added\": {}}]"}}, {"model": "admin.logentry", "pk": 19, "fields": {"action_time": "2018-05-13T14:06:30.929Z", "user": 1, "content_type": 7, "object_id": "5", "object_repr": "\u6570\u636e\u7ed3\u6784", "action_flag": 1, "change_message": "[{\"added\": {}}]"}}, {"model": "admin.logentry", "pk": 20, "fields": {"action_time": "2018-05-13T14:07:34.280Z", "user": 1, "content_type": 8, "object_id": "37", "object_repr": "<Blog: \u7a00\u758f\u77e9\u9635\u7684\u7b80\u5355\u8fd0\u7b97>", "action_flag": 1, "change_message": "[{\"added\": {}}]"}}, {"model": "admin.logentry", "pk": 21, "fields": {"action_time": "2018-05-13T14:08:59.788Z", "user": 1, "content_type": 8, "object_id": "37", "object_repr": "<Blog: \u7a00\u758f\u77e9\u9635\u7684\u7b80\u5355\u8fd0\u7b97>", "action_flag": 2, "change_message": "[{\"changed\": {\"fields\": [\"content\"]}}]"}}, {"model": "admin.logentry", "pk": 22, "fields": {"action_time": "2018-05-15T01:00:02.130Z", "user": 1, "content_type": 10, "object_id": "1", "object_repr": "ReadNum object (1)", "action_flag": 1, "change_message": "[{\"added\": {}}]"}}, {"model": "admin.logentry", "pk": 23, "fields": {"action_time": "2018-05-21T08:03:29.437Z", "user": 1, "content_type": 11, "object_id": "1", "object_repr": "ReadDetail object (1)", "action_flag": 1, "change_message": "[{\"added\": {}}]"}}, {"model": "admin.logentry", "pk": 24, "fields": {"action_time": "2018-05-26T08:10:02.987Z", "user": 1, "content_type": 12, "object_id": "1", "object_repr": "Comment object (1)", "action_flag": 1, "change_message": "[{\"added\": {}}]"}}, {"model": "admin.logentry", "pk": 25, "fields": {"action_time": "2018-06-30T01:37:33.313Z", "user": 1, "content_type": 8, "object_id": "34", "object_repr": "<Blog: for 29>", "action_flag": 3, "change_message": ""}}, {"model": "admin.logentry", "pk": 26, "fields": {"action_time": "2018-07-03T06:22:31.254Z", "user": 1, "content_type": 12, "object_id": "56", "object_repr": "123", "action_flag": 1, "change_message": "[{\"added\": {}}]"}}, {"model": "admin.logentry", "pk": 27, "fields": {"action_time": "2018-07-10T05:48:26.585Z", "user": 1, "content_type": 15, "object_id": "1", "object_repr": "<Profile:222 for cxq>", "action_flag": 1, "change_message": "[{\"added\": {}}]"}}, {"model": "admin.logentry", "pk": 28, "fields": {"action_time": "2018-07-10T08:03:44.719Z", "user": 1, "content_type": 15, "object_id": "1", "object_repr": "<Profile:222 for cxq>", "action_flag": 3, "change_message": ""}}, {"model": "admin.logentry", "pk": 29, "fields": {"action_time": "2018-07-10T13:49:56.273Z", "user": 1, "content_type": 15, "object_id": "2", "object_repr": "<Profile:\u9648\u76f8\u6f06 for cxq>", "action_flag": 2, "change_message": "[{\"changed\": {\"fields\": [\"nickname\"]}}]"}}, {"model": "admin.logentry", "pk": 30, "fields": {"action_time": "2018-07-11T05:27:52.132Z", "user": 1, "content_type": 4, "object_id": "2", "object_repr": "2222", "action_flag": 2, "change_message": "[{\"changed\": {\"fields\": [\"email\", \"last_login\"]}}]"}}]