/*
Navicat MySQL Data Transfer

Source Server         : localhost_3307
Source Server Version : 50549
Source Host           : localhost:3307
Source Database       : databases

Target Server Type    : MYSQL
Target Server Version : 50549
File Encoding         : 65001

Date: 2019-01-25 09:17:36
*/

SET FOREIGN_KEY_CHECKS=0;

-- ----------------------------
-- Table structure for `auth_group`
-- ----------------------------
DROP TABLE IF EXISTS `auth_group`;
CREATE TABLE `auth_group` (
  `id` int(11) NOT NULL AUTO_INCREMENT,
  `name` varchar(80) COLLATE utf8_bin NOT NULL,
  PRIMARY KEY (`id`),
  UNIQUE KEY `name` (`name`)
) ENGINE=InnoDB DEFAULT CHARSET=utf8 COLLATE=utf8_bin;

-- ----------------------------
-- Records of auth_group
-- ----------------------------

-- ----------------------------
-- Table structure for `auth_group_permissions`
-- ----------------------------
DROP TABLE IF EXISTS `auth_group_permissions`;
CREATE TABLE `auth_group_permissions` (
  `id` int(11) NOT NULL AUTO_INCREMENT,
  `group_id` int(11) NOT NULL,
  `permission_id` int(11) NOT NULL,
  PRIMARY KEY (`id`),
  UNIQUE KEY `auth_group_permissions_group_id_permission_id_0cd325b0_uniq` (`group_id`,`permission_id`),
  KEY `auth_group_permissio_permission_id_84c5c92e_fk_auth_perm` (`permission_id`),
  CONSTRAINT `auth_group_permissions_group_id_b120cbf9_fk_auth_group_id` FOREIGN KEY (`group_id`) REFERENCES `auth_group` (`id`),
  CONSTRAINT `auth_group_permissio_permission_id_84c5c92e_fk_auth_perm` FOREIGN KEY (`permission_id`) REFERENCES `auth_permission` (`id`)
) ENGINE=InnoDB DEFAULT CHARSET=utf8 COLLATE=utf8_bin;

-- ----------------------------
-- Records of auth_group_permissions
-- ----------------------------

-- ----------------------------
-- Table structure for `auth_permission`
-- ----------------------------
DROP TABLE IF EXISTS `auth_permission`;
CREATE TABLE `auth_permission` (
  `id` int(11) NOT NULL AUTO_INCREMENT,
  `name` varchar(255) COLLATE utf8_bin NOT NULL,
  `content_type_id` int(11) NOT NULL,
  `codename` varchar(100) COLLATE utf8_bin NOT NULL,
  PRIMARY KEY (`id`),
  UNIQUE KEY `auth_permission_content_type_id_codename_01ab375a_uniq` (`content_type_id`,`codename`),
  CONSTRAINT `auth_permission_content_type_id_2f476e4b_fk_django_co` FOREIGN KEY (`content_type_id`) REFERENCES `django_content_type` (`id`)
) ENGINE=InnoDB AUTO_INCREMENT=49 DEFAULT CHARSET=utf8 COLLATE=utf8_bin;

-- ----------------------------
-- Records of auth_permission
-- ----------------------------
INSERT INTO `auth_permission` VALUES ('1', 'Can add log entry', '1', 'add_logentry');
INSERT INTO `auth_permission` VALUES ('2', 'Can change log entry', '1', 'change_logentry');
INSERT INTO `auth_permission` VALUES ('3', 'Can delete log entry', '1', 'delete_logentry');
INSERT INTO `auth_permission` VALUES ('4', 'Can add permission', '2', 'add_permission');
INSERT INTO `auth_permission` VALUES ('5', 'Can change permission', '2', 'change_permission');
INSERT INTO `auth_permission` VALUES ('6', 'Can delete permission', '2', 'delete_permission');
INSERT INTO `auth_permission` VALUES ('7', 'Can add group', '3', 'add_group');
INSERT INTO `auth_permission` VALUES ('8', 'Can change group', '3', 'change_group');
INSERT INTO `auth_permission` VALUES ('9', 'Can delete group', '3', 'delete_group');
INSERT INTO `auth_permission` VALUES ('10', 'Can add user', '4', 'add_user');
INSERT INTO `auth_permission` VALUES ('11', 'Can change user', '4', 'change_user');
INSERT INTO `auth_permission` VALUES ('12', 'Can delete user', '4', 'delete_user');
INSERT INTO `auth_permission` VALUES ('13', 'Can add content type', '5', 'add_contenttype');
INSERT INTO `auth_permission` VALUES ('14', 'Can change content type', '5', 'change_contenttype');
INSERT INTO `auth_permission` VALUES ('15', 'Can delete content type', '5', 'delete_contenttype');
INSERT INTO `auth_permission` VALUES ('16', 'Can add session', '6', 'add_session');
INSERT INTO `auth_permission` VALUES ('17', 'Can change session', '6', 'change_session');
INSERT INTO `auth_permission` VALUES ('18', 'Can delete session', '6', 'delete_session');
INSERT INTO `auth_permission` VALUES ('19', 'Can add blog type', '7', 'add_blogtype');
INSERT INTO `auth_permission` VALUES ('20', 'Can change blog type', '7', 'change_blogtype');
INSERT INTO `auth_permission` VALUES ('21', 'Can delete blog type', '7', 'delete_blogtype');
INSERT INTO `auth_permission` VALUES ('22', 'Can add blog', '8', 'add_blog');
INSERT INTO `auth_permission` VALUES ('23', 'Can change blog', '8', 'change_blog');
INSERT INTO `auth_permission` VALUES ('24', 'Can delete blog', '8', 'delete_blog');
INSERT INTO `auth_permission` VALUES ('25', 'Can add read num', '9', 'add_readnum');
INSERT INTO `auth_permission` VALUES ('26', 'Can change read num', '9', 'change_readnum');
INSERT INTO `auth_permission` VALUES ('27', 'Can delete read num', '9', 'delete_readnum');
INSERT INTO `auth_permission` VALUES ('28', 'Can add read num', '10', 'add_readnum');
INSERT INTO `auth_permission` VALUES ('29', 'Can change read num', '10', 'change_readnum');
INSERT INTO `auth_permission` VALUES ('30', 'Can delete read num', '10', 'delete_readnum');
INSERT INTO `auth_permission` VALUES ('31', 'Can add read detail', '11', 'add_readdetail');
INSERT INTO `auth_permission` VALUES ('32', 'Can change read detail', '11', 'change_readdetail');
INSERT INTO `auth_permission` VALUES ('33', 'Can delete read detail', '11', 'delete_readdetail');
INSERT INTO `auth_permission` VALUES ('34', 'Can add comment', '12', 'add_comment');
INSERT INTO `auth_permission` VALUES ('35', 'Can change comment', '12', 'change_comment');
INSERT INTO `auth_permission` VALUES ('36', 'Can delete comment', '12', 'delete_comment');
INSERT INTO `auth_permission` VALUES ('37', 'Can add like record', '13', 'add_likerecord');
INSERT INTO `auth_permission` VALUES ('38', 'Can change like record', '13', 'change_likerecord');
INSERT INTO `auth_permission` VALUES ('39', 'Can delete like record', '13', 'delete_likerecord');
INSERT INTO `auth_permission` VALUES ('40', 'Can add llike count', '14', 'add_llikecount');
INSERT INTO `auth_permission` VALUES ('41', 'Can change llike count', '14', 'change_llikecount');
INSERT INTO `auth_permission` VALUES ('42', 'Can delete llike count', '14', 'delete_llikecount');
INSERT INTO `auth_permission` VALUES ('43', 'Can add like count', '14', 'add_likecount');
INSERT INTO `auth_permission` VALUES ('44', 'Can change like count', '14', 'change_likecount');
INSERT INTO `auth_permission` VALUES ('45', 'Can delete like count', '14', 'delete_likecount');
INSERT INTO `auth_permission` VALUES ('46', 'Can add profile', '15', 'add_profile');
INSERT INTO `auth_permission` VALUES ('47', 'Can change profile', '15', 'change_profile');
INSERT INTO `auth_permission` VALUES ('48', 'Can delete profile', '15', 'delete_profile');

-- ----------------------------
-- Table structure for `auth_user`
-- ----------------------------
DROP TABLE IF EXISTS `auth_user`;
CREATE TABLE `auth_user` (
  `id` int(11) NOT NULL AUTO_INCREMENT,
  `password` varchar(128) COLLATE utf8_bin NOT NULL,
  `last_login` datetime DEFAULT NULL,
  `is_superuser` tinyint(1) NOT NULL,
  `username` varchar(150) COLLATE utf8_bin NOT NULL,
  `first_name` varchar(30) COLLATE utf8_bin NOT NULL,
  `last_name` varchar(150) COLLATE utf8_bin NOT NULL,
  `email` varchar(254) COLLATE utf8_bin NOT NULL,
  `is_staff` tinyint(1) NOT NULL,
  `is_active` tinyint(1) NOT NULL,
  `date_joined` datetime NOT NULL,
  PRIMARY KEY (`id`),
  UNIQUE KEY `username` (`username`)
) ENGINE=InnoDB AUTO_INCREMENT=4 DEFAULT CHARSET=utf8 COLLATE=utf8_bin;

-- ----------------------------
-- Records of auth_user
-- ----------------------------
INSERT INTO `auth_user` VALUES ('1', 'pbkdf2_sha256$100000$Rc6AeKwo68xH$oww7WgK1IImGYZ3OBO6fPo42+esyBpQrzM5Nt2U05pA=', '2018-11-20 10:08:42', '1', 'cxq', '', '', '1986541495@qq.com', '1', '1', '2018-04-18 11:32:35');
INSERT INTO `auth_user` VALUES ('2', 'pbkdf2_sha256$100000$6nIHUmlGi2Gp$qqj7uLUwXp1mzvpRd7aVUT41WZrh0h3uVPRhC8ykh4k=', '2018-06-28 07:42:00', '0', '2222', '', '', '', '0', '1', '2018-06-28 07:42:00');
INSERT INTO `auth_user` VALUES ('3', 'pbkdf2_sha256$100000$pQULbf7A5E0P$R7vbTYJsIUB+zbPwaczyS+1m7VKJYOp9dONvQhkCQXY=', '2018-07-10 06:05:13', '0', 'qqq', '', '', '2216614036@qq.com', '0', '1', '2018-07-02 10:15:55');

-- ----------------------------
-- Table structure for `auth_user_groups`
-- ----------------------------
DROP TABLE IF EXISTS `auth_user_groups`;
CREATE TABLE `auth_user_groups` (
  `id` int(11) NOT NULL AUTO_INCREMENT,
  `user_id` int(11) NOT NULL,
  `group_id` int(11) NOT NULL,
  PRIMARY KEY (`id`),
  UNIQUE KEY `auth_user_groups_user_id_group_id_94350c0c_uniq` (`user_id`,`group_id`),
  KEY `auth_user_groups_group_id_97559544_fk_auth_group_id` (`group_id`),
  CONSTRAINT `auth_user_groups_group_id_97559544_fk_auth_group_id` FOREIGN KEY (`group_id`) REFERENCES `auth_group` (`id`),
  CONSTRAINT `auth_user_groups_user_id_6a12ed8b_fk_auth_user_id` FOREIGN KEY (`user_id`) REFERENCES `auth_user` (`id`)
) ENGINE=InnoDB DEFAULT CHARSET=utf8 COLLATE=utf8_bin;

-- ----------------------------
-- Records of auth_user_groups
-- ----------------------------

-- ----------------------------
-- Table structure for `auth_user_user_permissions`
-- ----------------------------
DROP TABLE IF EXISTS `auth_user_user_permissions`;
CREATE TABLE `auth_user_user_permissions` (
  `id` int(11) NOT NULL AUTO_INCREMENT,
  `user_id` int(11) NOT NULL,
  `permission_id` int(11) NOT NULL,
  PRIMARY KEY (`id`),
  UNIQUE KEY `auth_user_user_permissions_user_id_permission_id_14a6b632_uniq` (`user_id`,`permission_id`),
  KEY `auth_user_user_permi_permission_id_1fbb5f2c_fk_auth_perm` (`permission_id`),
  CONSTRAINT `auth_user_user_permissions_user_id_a95ead1b_fk_auth_user_id` FOREIGN KEY (`user_id`) REFERENCES `auth_user` (`id`),
  CONSTRAINT `auth_user_user_permi_permission_id_1fbb5f2c_fk_auth_perm` FOREIGN KEY (`permission_id`) REFERENCES `auth_permission` (`id`)
) ENGINE=InnoDB DEFAULT CHARSET=utf8 COLLATE=utf8_bin;

-- ----------------------------
-- Records of auth_user_user_permissions
-- ----------------------------

-- ----------------------------
-- Table structure for `blog_blog`
-- ----------------------------
DROP TABLE IF EXISTS `blog_blog`;
CREATE TABLE `blog_blog` (
  `id` int(11) NOT NULL AUTO_INCREMENT,
  `title` varchar(50) COLLATE utf8_bin NOT NULL,
  `content` longtext COLLATE utf8_bin NOT NULL,
  `created_time` datetime NOT NULL,
  `last_updated_time` datetime NOT NULL,
  `author_id` int(11) NOT NULL,
  `blog_type_id` int(11) NOT NULL,
  PRIMARY KEY (`id`),
  KEY `blog_blog_author_id_8791af69_fk_auth_user_id` (`author_id`),
  KEY `blog_blog_blog_type_id_de11bd65_fk_blog_blogtype_id` (`blog_type_id`),
  CONSTRAINT `blog_blog_author_id_8791af69_fk_auth_user_id` FOREIGN KEY (`author_id`) REFERENCES `auth_user` (`id`),
  CONSTRAINT `blog_blog_blog_type_id_de11bd65_fk_blog_blogtype_id` FOREIGN KEY (`blog_type_id`) REFERENCES `blog_blogtype` (`id`)
) ENGINE=InnoDB AUTO_INCREMENT=38 DEFAULT CHARSET=utf8 COLLATE=utf8_bin;

-- ----------------------------
-- Records of blog_blog
-- ----------------------------
INSERT INTO `blog_blog` VALUES ('1', '第一篇博客', 0x2F2F2F2F2F2F2F2F2F2F2F2F2F2F2F2F2F2F2F2F2F2F2F2F2F2F2F2F2F2F2F2F2F2F2F2F2F2F2F2F2F2F2F2F20200D0A2F2FE58D95E993BEE8A1A8E79A84E5889DE5A78BE58C96EFBC8CE5BBBAE7AB8BEFBC8CE68F92E585A5EFBC8CE69FA5E689BEEFBC8CE588A0E999A4E380822F2F20200D0A2F2F417574686F723A57616E6720596F6E672020202020202020202020202020202020202020202020202F2F2020202020200D0A2F2F446174653A20323031302E382E3139202020202020202020202020202020202020202020202020202F2F20200D0A2F2F2F2F2F2F2F2F2F2F2F2F2F2F2F2F2F2F2F2F2F2F2F2F2F2F2F2F2F2F2F2F2F2F2F2F2F2F2F2F2F2F2F2F2020200D0A23696E636C756465203C737464696F2E683E20200D0A23696E636C756465203C7374646C69622E683E20200D0A7479706564656620696E7420456C656D547970653B20200D0A2F2F2F2F2F2F2F2F2F2F2F2F2F2F2F2F2F2F2F2F2F2F2F2F2F2F2F2F2F2F2F2F2F2F2F2F2F2F2F2F2F2F2F2F2020200D0A2F2FE5AE9AE4B989E7BB93E782B9E7B1BBE59E8B2020200D0A7479706564656620737472756374204E6F646520200D0A7B20200D0A20202020456C656D5479706520646174613B20202020202020202020202020202F2FE58D95E993BEE8A1A8E4B8ADE79A84E695B0E68DAEE59F9F2020200D0A20202020737472756374204E6F6465202A6E6578743B202020202020202020202F2FE58D95E993BEE8A1A8E79A84E68C87E99288E59F9F2020200D0A7D4E6F64652C2A4C696E6B65644C6973743B20200D0A2F2F2F2F2F2F2F2F2F2F2F2F2F2F2F2F2F2F2F2F2F2F2F2F2F2F2F2F2F2F2F2F2F2F2F2F2F2F2F2F2F2F2F2F2020200D0A2F2FE58D95E993BEE8A1A8E79A84E5889DE5A78BE58C9620200D0A4C696E6B65644C697374204C696E6B65644C697374496E6974282920200D0A7B20200D0A202020204E6F6465202A4C3B20200D0A202020204C203D20284E6F6465202A296D616C6C6F632873697A656F66284E6F646529293B2020202F2FE794B3E8AFB7E7BB93E782B9E7A9BAE997B42020200D0A202020206966284C203D3D204E554C4C2920202020202020202020202020202020202020202020202F2FE588A4E696ADE698AFE590A6E69C89E8B6B3E5A49FE79A84E58685E5AD98E7A9BAE997B42020200D0A20202020202020207072696E74662822E794B3E8AFB7E58685E5AD98E7A9BAE997B4E5A4B1E8B4A52F6E22293B20200D0A202020204C2D3E6E657874203D204E554C4C3B2020202020202020202020202020202020202F2FE5B0866E657874E8AEBEE7BDAEE4B8BA4E554C4C2CE5889DE5A78BE995BFE5BAA6E4B8BA30E79A84E58D95E993BEE8A1A82020200D0A7D20200D0A2F2F2F2F2F2F2F2F2F2F2F2F2F2F2F2F2F2F2F2F2F2F2F2F2F2F2F2F2F2F2F2F2F2F2F2F2F2F2F2F2F2F2F2F2020200D0A2F2FE58D95E993BEE8A1A8E79A84E5BBBAE7AB8B31EFBC8CE5A4B4E68F92E6B395E5BBBAE7AB8BE58D95E993BEE8A1A820200D0A4C696E6B65644C697374204C696E6B65644C697374437265617448282920200D0A7B20200D0A202020204E6F6465202A4C3B20200D0A202020204C203D20284E6F6465202A296D616C6C6F632873697A656F66284E6F646529293B2020202F2FE794B3E8AFB7E5A4B4E7BB93E782B9E7A9BAE997B420200D0A202020204C2D3E6E657874203D204E554C4C3B202020202020202020202020202020202020202020202F2FE5889DE5A78BE58C96E4B880E4B8AAE7A9BAE993BEE8A1A820200D0A2020202020200D0A20202020456C656D5479706520783B202020202020202020202020202020202020202020202020202F2F78E4B8BAE993BEE8A1A8E695B0E68DAEE59F9FE4B8ADE79A84E695B0E68DAE20200D0A202020207768696C65287363616E6628222564222C26782920213D20454F462920200D0A202020207B20200D0A20202020202020204E6F6465202A703B20200D0A202020202020202070203D20284E6F6465202A296D616C6C6F632873697A656F66284E6F646529293B2020202F2FE794B3E8AFB7E696B0E79A84E7BB93E782B92020200D0A2020202020202020702D3E64617461203D20783B2020202020202020202020202020202020202020202F2FE7BB93E782B9E695B0E68DAEE59F9FE8B58BE580BC2020200D0A2020202020202020702D3E6E657874203D204C2D3E6E6578743B20202020202020202020202020202020202020202F2FE5B086E7BB93E782B9E68F92E585A5E588B0E8A1A8E5A4B44C2D2D3E7C327C2D2D3E7C317C2D2D3E4E554C4C2020200D0A20202020202020204C2D3E6E657874203D20703B2020200D0A202020207D20200D0A2020202072657475726E204C3B2020200D0A7D2020200D0A2F2F2F2F2F2F2F2F2F2F2F2F2F2F2F2F2F2F2F2F2F2F2F2F2F2F2F2F2F2F2F2F2F2F2F2F2F2F2F2F2F2F2F2F2020200D0A2F2FE58D95E993BEE8A1A8E79A84E5BBBAE7AB8B32EFBC8CE5B0BEE68F92E6B395E5BBBAE7AB8BE58D95E993BEE8A1A820200D0A4C696E6B65644C697374204C696E6B65644C697374437265617454282920200D0A7B20200D0A202020204E6F6465202A4C3B20200D0A202020204C203D20284E6F6465202A296D616C6C6F632873697A656F66284E6F646529293B2020202F2FE794B3E8AFB7E5A4B4E7BB93E782B9E7A9BAE997B420200D0A202020204C2D3E6E657874203D204E554C4C3B2020202020202020202020202020202020202F2FE5889DE5A78BE58C96E4B880E4B8AAE7A9BAE993BEE8A1A820200D0A202020204E6F6465202A723B20200D0A2020202072203D204C3B20202020202020202020202020202020202020202020202020202F2F72E5A78BE7BB88E68C87E59091E7BB88E7ABAFE7BB93E782B9EFBC8CE5BC80E5A78BE697B6E68C87E59091E5A4B4E7BB93E782B92020200D0A20202020456C656D5479706520783B202020202020202020202020202020202020202020202020202F2F78E4B8BAE993BEE8A1A8E695B0E68DAEE59F9FE4B8ADE79A84E695B0E68DAE20200D0A202020207768696C65287363616E6628222564222C26782920213D20454F462920200D0A202020207B20200D0A20202020202020204E6F6465202A703B20200D0A202020202020202070203D20284E6F6465202A296D616C6C6F632873697A656F66284E6F646529293B2020202F2FE794B3E8AFB7E696B0E79A84E7BB93E782B92020200D0A2020202020202020702D3E64617461203D20783B2020202020202020202020202020202020202020202F2FE7BB93E782B9E695B0E68DAEE59F9FE8B58BE580BC2020200D0A2020202020202020722D3E6E657874203D20703B20202020202020202020202020202020202F2FE5B086E7BB93E782B9E68F92E585A5E588B0E8A1A8E5A4B44C2D2D3E7C317C2D2D3E7C327C2D2D3E4E554C4C2020200D0A202020202020202072203D20703B2020200D0A202020207D20200D0A20202020722D3E6E657874203D204E554C4C3B2020200D0A2020202020200D0A2020202072657475726E204C3B20202020200D0A7D20200D0A2F2F2F2F2F2F2F2F2F2F2F2F2F2F2F2F2F2F2F2F2F2F2F2F2F2F2F2F2F2F2F2F2F2F2F2F2F2F2F2F2F2F2F2F2020200D0A2F2FE58D95E993BEE8A1A8E79A84E68F92E585A5EFBC8CE59CA8E993BEE8A1A8E79A84E7ACAC69E4B8AAE4BD8DE7BDAEE68F92E585A578E79A84E58583E7B4A020200D0A4C696E6B65644C697374204C696E6B65644C697374496E73657274284C696E6B65644C697374204C2C696E7420692C456C656D5479706520782920200D0A7B20200D0A202020204E6F6465202A7072653B202020202020202020202020202020202020202020202F2F707265E4B8BAE5898DE9A9B1E7BB93E782B92020200D0A20202020707265203D204C3B20200D0A20202020696E742074656D7069203D20303B20200D0A20202020666F72202874656D7069203D20313B2074656D7069203C20693B2074656D70692B2B2920200D0A2020202020202020707265203D207072652D3E6E6578743B20202020202020202020202020202020202F2FE69FA5E689BEE7ACAC69E4B8AAE4BD8DE7BDAEE79A84E5898DE9A9B1E7BB93E782B92020200D0A202020204E6F6465202A703B20202020202020202020202020202020202020202020202020202020202020202F2FE68F92E585A5E79A84E7BB93E782B9E4B8BA7020200D0A2020202070203D20284E6F6465202A296D616C6C6F632873697A656F66284E6F646529293B20200D0A20202020702D3E64617461203D20783B2020200D0A20202020702D3E6E657874203D207072652D3E6E6578743B20200D0A202020207072652D3E6E657874203D20703B20200D0A2020202020200D0A2020202072657475726E204C3B20202020202020202020202020202020202020202020202020202020200D0A7D2020200D0A2F2F2F2F2F2F2F2F2F2F2F2F2F2F2F2F2F2F2F2F2F2F2F2F2F2F2F2F2F2F2F2F2F2F2F2F2F2F2F2F2F2F2F2F2020200D0A2F2FE58D95E993BEE8A1A8E79A84E588A0E999A4EFBC8CE59CA8E993BEE8A1A8E4B8ADE588A0E999A4E580BCE4B8BA78E79A84E58583E7B4A020200D0A4C696E6B65644C697374204C696E6B65644C69737444656C657465284C696E6B65644C697374204C2C456C656D5479706520782920200D0A7B20200D0A202020204E6F6465202A702C2A7072653B202020202020202020202020202020202020202F2F707265E4B8BAE5898DE9A9B1E7BB93E782B9EFBC8C70E4B8BAE69FA5E689BEE79A84E7BB93E782B9E380822020200D0A2020202070203D204C2D3E6E6578743B20200D0A202020207768696C6528702D3E6461746120213D20782920202020202020202020202020202F2FE69FA5E689BEE580BCE4B8BA78E79A84E58583E7B4A02020200D0A202020207B20202020200D0A2020202020202020707265203D20703B2020200D0A202020202020202070203D20702D3E6E6578743B20200D0A202020207D20200D0A202020207072652D3E6E657874203D20702D3E6E6578743B202020202020202020202F2FE588A0E999A4E6938DE4BD9CEFBC8CE5B086E585B6E5898DE9A9B16E657874E68C87E59091E585B6E5908EE7BBA7E380822020200D0A20202020667265652870293B20200D0A2020202072657475726E204C3B20200D0A7D2020200D0A2F2F2F2F2F2F2F2F2F2F2F2F2F2F2F2F2F2F2F2F2F2F2F2F2F2F2F2F2F2F2F2F2F2F2F2F2F2F2F2F2F2F2F2F2F20200D0A696E74206D61696E282920200D0A7B20200D0A202020204C696E6B65644C697374206C6973742C73746172743B20200D0A2F2A20207072696E74662822E8AFB7E8BE93E585A5E58D95E993BEE8A1A8E79A84E695B0E68DAEEFBC9A22293B20200D0A202020206C697374203D204C696E6B65644C69737443726561744828293B200D0A20202020666F72287374617274203D206C6973742D3E6E6578743B20737461727420213D204E554C4C3B207374617274203D2073746172742D3E6E65787429200D0A20202020202020207072696E74662822256420222C73746172742D3E64617461293B200D0A202020207072696E746628222F6E22293B200D0A2A2F20207072696E74662822E8AFB7E8BE93E585A5E58D95E993BEE8A1A8E79A84E695B0E68DAEEFBC9A22293B2020200D0A202020206C697374203D204C696E6B65644C69737443726561745428293B20200D0A20202020666F72287374617274203D206C6973742D3E6E6578743B20737461727420213D204E554C4C3B207374617274203D2073746172742D3E6E6578742920200D0A20202020202020207072696E74662822256420222C73746172742D3E64617461293B20200D0A202020207072696E746628222F6E22293B20200D0A20202020696E7420693B20200D0A20202020456C656D5479706520783B20200D0A202020207072696E74662822E8AFB7E8BE93E585A5E68F92E585A5E695B0E68DAEE79A84E4BD8DE7BDAEEFBC9A22293B20200D0A202020207363616E6628222564222C2669293B20200D0A202020207072696E74662822E8AFB7E8BE93E585A5E68F92E585A5E695B0E68DAEE79A84E580BCEFBC9A22293B20200D0A202020207363616E6628222564222C2678293B20200D0A202020204C696E6B65644C697374496E73657274286C6973742C692C78293B20200D0A20202020666F72287374617274203D206C6973742D3E6E6578743B20737461727420213D204E554C4C3B207374617274203D2073746172742D3E6E6578742920200D0A20202020202020207072696E74662822256420222C73746172742D3E64617461293B20200D0A202020207072696E746628222F6E22293B20200D0A202020207072696E74662822E8AFB7E8BE93E585A5E8A681E588A0E999A4E79A84E58583E7B4A0E79A84E580BCEFBC9A22293B20200D0A202020207363616E6628222564222C2678293B20200D0A202020204C696E6B65644C69737444656C657465286C6973742C78293B2020200D0A20202020666F72287374617274203D206C6973742D3E6E6578743B20737461727420213D204E554C4C3B207374617274203D2073746172742D3E6E6578742920200D0A20202020202020207072696E74662822256420222C73746172742D3E64617461293B20200D0A202020207072696E746628222F6E22293B20200D0A2020202020200D0A2020202072657475726E20303B20200D0A7D, '2018-04-18 12:51:03', '2018-04-21 08:11:31', '1', '2');
INSERT INTO `blog_blog` VALUES ('2', '第二篇', 0x23696E636C7564652022737464696F2E682220200D0A23696E636C75646520227374646C69622E682220200D0A23696E636C756465202274696D652E682220200D0A20200D0A23646566696E65204F4B203120200D0A23646566696E65204552524F52203020200D0A23646566696E652054525545203120200D0A23646566696E652046414C5345203020200D0A23646566696E65204D415853495A45203230202F2A20E5AD98E582A8E7A9BAE997B4E5889DE5A78BE58886E9858DE9878F202A2F20200D0A20200D0A7479706564656620696E74205374617475733B20200D0A2F2A2053456C656D54797065E7B1BBE59E8BE6A0B9E68DAEE5AE9EE99985E68385E586B5E8808CE5AE9AEFBC8CE8BF99E9878CE58187E8AEBEE4B8BA696E74202A2F20200D0A7479706564656620696E742053456C656D547970653B20200D0A20200D0A2F2A20E993BEE6A088E7BB93E69E84202A2F20200D0A747970656465662073747275637420537461636B4E6F646520200D0A7B20200D0A2020202053456C656D5479706520646174613B20200D0A2020202073747275637420537461636B4E6F6465202A6E6578743B20200D0A7D20537461636B4E6F64652C2A4C696E6B537461636B5074723B20200D0A20200D0A747970656465662073747275637420200D0A7B20200D0A202020204C696E6B537461636B50747220746F703B20200D0A20202020696E7420636F756E743B20200D0A7D204C696E6B537461636B3B20200D0A20200D0A2F2A2020E69E84E980A0E4B880E4B8AAE7A9BAE6A08853202A2F20200D0A53746174757320496E6974537461636B284C696E6B537461636B202A532920200D0A7B20200D0A20202020532D3E746F70203D20284C696E6B537461636B507472296D616C6C6F632873697A656F6628537461636B4E6F646529293B20200D0A2020202069662821532D3E746F702920200D0A202020202020202072657475726E204552524F523B20200D0A20202020532D3E746F703D4E554C4C3B20200D0A20202020532D3E636F756E743D303B20200D0A2020202072657475726E204F4B3B20200D0A7D20200D0A20200D0A5374617475732076697369742853456C656D5479706520632920200D0A7B20200D0A202020207072696E74662822256420222C63293B20200D0A2020202072657475726E204F4B3B20200D0A7D20200D0A53746174757320537461636B5472617665727365284C696E6B537461636B20532920200D0A7B20200D0A202020204C696E6B537461636B50747220703B20200D0A20202020703D532E746F703B20200D0A202020207768696C6528702920200D0A202020207B20200D0A2020202020202020766973697428702D3E64617461293B20200D0A2020202020202020703D702D3E6E6578743B20200D0A202020207D20200D0A202020207072696E746628225C6E22293B20200D0A2020202072657475726E204F4B3B20200D0A7D20200D0A20200D0A2F2A20E88BA5E6A08853E4B8BAE7A9BAE6A088EFBC8CE58899E8BF94E59B9E54525545EFBC8CE590A6E58899E8BF94E59B9E46414C5345202A2F20200D0A53746174757320537461636B456D707479284C696E6B537461636B20532920200D0A7B20200D0A2020202069662028532E636F756E743D3D302920200D0A202020202020202072657475726E20545255453B20200D0A20202020656C736520200D0A202020202020202072657475726E2046414C53453B20200D0A7D20200D0A20200D0A2F2A20E68F92E585A5E58583E7B4A065E4B8BAE696B0E79A84E6A088E9A1B6E58583E7B4A0202A2F20200D0A5374617475732050757368284C696E6B537461636B202A532C53456C656D5479706520652920200D0A7B20200D0A202020204C696E6B537461636B50747220733D284C696E6B537461636B507472296D616C6C6F632873697A656F6628537461636B4E6F646529293B20200D0A20202020732D3E646174613D653B20200D0A20202020732D3E6E6578743D532D3E746F703B2020202F2A20E68A8AE5BD93E5898DE79A84E6A088E9A1B6E58583E7B4A0E8B58BE580BCE7BB99E696B0E7BB93E782B9E79A84E79BB4E68EA5E5908EE7BBA7EFBC8CE8A781E59BBEE4B8ADE291A0202A2F20200D0A20202020532D3E746F703D733B2020202020202020202F2A20E5B086E696B0E79A84E7BB93E782B973E8B58BE580BCE7BB99E6A088E9A1B6E68C87E99288EFBC8CE8A781E59BBEE4B8ADE291A1202A2F20200D0A20202020532D3E636F756E742B2B3B20200D0A2020202072657475726E204F4B3B20200D0A7D20200D0A20200D0A2F2A20E88BA5E6A088E4B88DE7A9BAEFBC8CE58899E588A0E999A453E79A84E6A088E9A1B6E58583E7B4A0EFBC8CE794A865E8BF94E59B9EE585B6E580BCEFBC8CE5B9B6E8BF94E59B9E4F4BEFBC9BE590A6E58899E8BF94E59B9E4552524F52202A2F20200D0A53746174757320506F70284C696E6B537461636B202A532C53456C656D54797065202A652920200D0A7B20200D0A202020204C696E6B537461636B50747220703B20200D0A20202020696628537461636B456D707479282A53292920200D0A202020202020202072657475726E204552524F523B20200D0A202020202A653D532D3E746F702D3E646174613B20200D0A20202020703D532D3E746F703B20202020202020202020202020202020202020202F2A20E5B086E6A088E9A1B6E7BB93E782B9E8B58BE580BCE7BB9970EFBC8CE8A781E59BBEE4B8ADE291A2202A2F20200D0A20202020532D3E746F703D532D3E746F702D3E6E6578743B202020202F2A20E4BDBFE5BE97E6A088E9A1B6E68C87E99288E4B88BE7A7BBE4B880E4BD8DEFBC8CE68C87E59091E5908EE4B880E7BB93E782B9EFBC8CE8A781E59BBEE4B8ADE291A3202A2F20200D0A20202020667265652870293B20202020202020202020202020202020202020202F2A20E9878AE694BEE7BB93E782B970202A2F20200D0A20202020532D3E636F756E742D2D3B20200D0A2020202072657475726E204F4B3B20200D0A7D20200D0A20200D0A20200D0A20200D0A2F2A20E68A8A53E7BDAEE4B8BAE7A9BAE6A088202A2F20200D0A53746174757320436C656172537461636B284C696E6B537461636B202A532920200D0A7B20200D0A202020204C696E6B537461636B50747220702C713B20200D0A20202020703D532D3E746F703B20200D0A202020207768696C6528702920200D0A202020207B20200D0A2020202020202020713D703B20200D0A2020202020202020703D702D3E6E6578743B20200D0A2020202020202020667265652871293B20200D0A202020207D20200D0A20202020532D3E636F756E743D303B20200D0A2020202072657475726E204F4B3B20200D0A7D20200D0A20200D0A696E74206D61696E282920200D0A7B20200D0A202020204C696E6B537461636B20733B20200D0A20202020696E74206F70703B20200D0A20202020696E74206A2C2076616C75652C20653B20200D0A2020202020200D0A20202020696628496E6974537461636B282673293D3D4F4B2920200D0A202020207B20200D0A20202020202020207072696E74662822E993BEE6A088E5889DE5A78BE58C96E68890E58A9FE3808222293B20200D0A202020207D20200D0A2020202020200D0A202020207072696E746628225C6E312EE99A8FE69CBAE7BB99E6A088E8B58BE580BC205C6E322EE6A088E9818DE58E86205C6E332EE8BF9BE6A088205C6E342EE587BAE6A08822293B20200D0A202020207072696E746628225C6E352EE7BDAEE7A9BAE993BEE6A088205C6E362EE588A4E696ADE993BEE6A088E698AFE590A6E4B8BAE7A9BA22293B20200D0A202020207072696E746628225C6E302EE98080E587BA205C6EE8AFB7E98089E68BA9E4BDA0E79A84E6938DE4BD9CEFBC9A5C6E22293B20200D0A202020207768696C65286F707020213D202730272920200D0A202020207B20200D0A20202020202020207363616E6628222564222C266F7070293B20200D0A2020202020202020737769746368286F70702920200D0A20202020202020207B20200D0A2020202020202020202020206361736520313A20200D0A202020202020202020202020202020207372616E642874696D65283029293B20200D0A20202020202020202020202020202020666F72286A3D313B206A3C3D31303B206A2B2B2920200D0A202020202020202020202020202020207B20200D0A2020202020202020202020202020202020202020507573682826732C72616E642829253130302B31293B20200D0A202020202020202020202020202020207D20200D0A20202020202020202020202020202020537461636B54726176657273652873293B20200D0A20202020202020202020202020202020627265616B3B20200D0A2020202020202020202020202020202020200D0A2020202020202020202020206361736520323A20200D0A20202020202020202020202020202020537461636B54726176657273652873293B20200D0A20202020202020202020202020202020627265616B3B20200D0A2020202020202020202020202020202020200D0A2020202020202020202020206361736520333A20200D0A202020202020202020202020202020207072696E74662822E8AFB7E8BE93E585A5E99C80E8A681E8BF9BE6A088E79A84E58583E7B4A0EFBC9A22293B20200D0A202020202020202020202020202020207363616E6628222564222C202676616C7565293B20200D0A20202020202020202020202020202020507573682826732C2076616C7565293B20200D0A20202020202020202020202020202020537461636B54726176657273652873293B20200D0A20202020202020202020202020202020627265616B3B20200D0A2020202020202020202020202020202020200D0A2020202020202020202020206361736520343A20200D0A20202020202020202020202020202020506F702826732C2665293B20200D0A202020202020202020202020202020207072696E74662822E5BCB9E587BAE79A84E6A088E9A1B6E58583E7B4A020653D25645C6E222C65293B20200D0A20202020202020202020202020202020537461636B54726176657273652873293B20200D0A20202020202020202020202020202020627265616B3B20200D0A2020202020202020202020202020202020200D0A2020202020202020202020206361736520353A20200D0A20202020202020202020202020202020436C656172537461636B282673293B20200D0A202020202020202020202020202020207072696E74662822E6B885E7A9BAE6A088E5908EEFBC8CE6A088E698AFE590A6E4B8BAE7A9BAEFBC9A256428313AE7A9BA20303AE590A6295C6E222C537461636B456D707479287329293B20200D0A20202020202020202020202020202020627265616B3B20200D0A2020202020202020202020202020202020200D0A2020202020202020202020206361736520363A20200D0A202020202020202020202020202020207072696E74662822E6A088E698AFE590A6E4B8BAE7A9BAEFBC9A256428313AE7A9BA20303AE590A6295C6E222C537461636B456D707479287329293B20200D0A20202020202020202020202020202020627265616B3B20200D0A2020202020202020202020202020202020200D0A2020202020202020202020206361736520303A20200D0A20202020202020202020202020202020657869742830293B20200D0A20202020202020207D20200D0A202020207D20200D0A2020202072657475726E20303B20200D0A7D, '2018-04-21 08:07:57', '2018-04-21 08:12:43', '1', '2');
INSERT INTO `blog_blog` VALUES ('3', '第三篇', 0xE5AD97E7ACA6E4B88DE883BDE68993E99499, '2018-04-21 08:15:11', '2018-04-21 08:15:11', '1', '1');
INSERT INTO `blog_blog` VALUES ('4', '第四篇', 0x3C68313E3C7370616E207374796C653D22636F6C6F723A23316162633963223EE59388E59388E59388E59388E59388E59388E593883C6272202F3E0D0A3C7370616E207374796C653D226261636B67726F756E642D636F6C6F723A23316162633963223EE5A49AE689933C2F7370616E3E3C2F7370616E3E3C2F68313E, '2018-04-22 12:31:25', '2018-05-08 12:48:47', '1', '2');
INSERT INTO `blog_blog` VALUES ('5', 'shell 下第五篇', 0x63636363, '2018-04-30 07:47:20', '2018-04-30 07:47:20', '1', '1');
INSERT INTO `blog_blog` VALUES ('6', 'for 1', 0x7878783A31, '2018-04-30 07:54:22', '2018-04-30 07:54:22', '1', '1');
INSERT INTO `blog_blog` VALUES ('7', 'for 2', 0x7878783A32, '2018-04-30 07:54:22', '2018-04-30 07:54:22', '1', '1');
INSERT INTO `blog_blog` VALUES ('8', 'for 3', 0x7878783A33, '2018-04-30 07:54:22', '2018-04-30 07:54:22', '1', '1');
INSERT INTO `blog_blog` VALUES ('9', 'for 4', 0x7878783A34, '2018-04-30 07:54:22', '2018-04-30 07:54:22', '1', '1');
INSERT INTO `blog_blog` VALUES ('10', 'for 5', 0x7878783A35, '2018-04-30 07:54:22', '2018-04-30 07:54:22', '1', '1');
INSERT INTO `blog_blog` VALUES ('11', 'for 6', 0x7878783A36, '2018-04-30 07:54:22', '2018-04-30 07:54:22', '1', '1');
INSERT INTO `blog_blog` VALUES ('12', 'for 7', 0x7878783A37, '2018-04-30 07:54:22', '2018-04-30 07:54:22', '1', '1');
INSERT INTO `blog_blog` VALUES ('13', 'for 8', 0x7878783A38, '2018-04-30 07:54:22', '2018-04-30 07:54:22', '1', '1');
INSERT INTO `blog_blog` VALUES ('14', 'for 9', 0x7878783A39, '2018-04-30 07:54:22', '2018-04-30 07:54:22', '1', '1');
INSERT INTO `blog_blog` VALUES ('15', 'for 10', 0x7878783A3130, '2018-04-30 07:54:22', '2018-04-30 07:54:22', '1', '1');
INSERT INTO `blog_blog` VALUES ('16', 'for 11', 0x7878783A3131, '2018-04-30 07:54:22', '2018-04-30 07:54:22', '1', '1');
INSERT INTO `blog_blog` VALUES ('17', 'for 12', 0x7878783A3132, '2018-04-30 07:54:22', '2018-04-30 07:54:22', '1', '1');
INSERT INTO `blog_blog` VALUES ('18', 'for 13', 0x7878783A3133, '2018-04-30 07:54:22', '2018-04-30 07:54:22', '1', '1');
INSERT INTO `blog_blog` VALUES ('19', 'for 14', 0x7878783A3134, '2018-04-30 07:54:22', '2018-04-30 07:54:22', '1', '1');
INSERT INTO `blog_blog` VALUES ('20', 'for 15', 0x7878783A3135, '2018-04-30 07:54:22', '2018-04-30 07:54:22', '1', '1');
INSERT INTO `blog_blog` VALUES ('21', 'for 16', 0x7878783A3136, '2018-04-30 07:54:22', '2018-04-30 07:54:22', '1', '1');
INSERT INTO `blog_blog` VALUES ('22', 'for 17', 0x7878783A3137, '2018-04-30 07:54:22', '2018-04-30 07:54:22', '1', '1');
INSERT INTO `blog_blog` VALUES ('23', 'for 18', 0x7878783A3138, '2018-04-30 07:54:22', '2018-04-30 07:54:22', '1', '1');
INSERT INTO `blog_blog` VALUES ('24', 'for 19', 0x7878783A3139, '2018-04-30 07:54:22', '2018-04-30 07:54:22', '1', '1');
INSERT INTO `blog_blog` VALUES ('25', 'for 20', 0x7878783A3230, '2018-04-30 07:54:22', '2018-04-30 07:54:22', '1', '1');
INSERT INTO `blog_blog` VALUES ('26', 'for 21', 0x7878783A3231, '2018-04-30 07:54:22', '2018-04-30 07:54:22', '1', '1');
INSERT INTO `blog_blog` VALUES ('27', 'for 22', 0x7878783A3232, '2018-04-30 07:54:22', '2018-04-30 07:54:22', '1', '1');
INSERT INTO `blog_blog` VALUES ('28', 'for 23', 0x7878783A3233, '2018-04-30 07:54:22', '2018-04-30 07:54:22', '1', '1');
INSERT INTO `blog_blog` VALUES ('29', 'for 24', 0x7878783A3234, '2018-04-30 07:54:22', '2018-04-30 07:54:22', '1', '1');
INSERT INTO `blog_blog` VALUES ('30', 'for 25', 0x7878783A3235, '2018-04-30 07:54:22', '2018-04-30 07:54:22', '1', '1');
INSERT INTO `blog_blog` VALUES ('31', 'for 26', 0x7878783A3236, '2018-04-30 07:54:22', '2018-04-30 07:54:22', '1', '1');
INSERT INTO `blog_blog` VALUES ('32', 'for 27', 0x7878783A3237, '2018-04-30 07:54:22', '2018-04-30 07:54:22', '1', '1');
INSERT INTO `blog_blog` VALUES ('33', 'for 28', 0x7878783A3238, '2018-04-30 07:54:22', '2018-04-30 07:54:22', '1', '1');
INSERT INTO `blog_blog` VALUES ('35', 'for 30', 0x7878783A3330, '2018-04-30 07:54:22', '2018-04-30 07:54:22', '1', '1');
INSERT INTO `blog_blog` VALUES ('36', 'kmp', 0x3C703E3C696D6720616C743D2222207372633D222F6D656469612F75706C6F61642F323031382F30352F30382F303866373930353239383232373230656231666161316265373763623061343666323166616262612E6A706722207374796C653D226865696768743A33303070783B2077696474683A343530707822202F3E3C2F703E0D0A0D0A3C703E266E6273703B266E6273703B266E6273703B266E6273703B266E6273703B3C2F703E0D0A0D0A3C6872202F3E0D0A3C703E3C696D6720616C743D22736D696C657922207372633D22687474703A2F2F3132372E302E302E313A383030302F7374617469632F636B656469746F722F636B656469746F722F706C7567696E732F736D696C65792F696D616765732F726567756C61725F736D696C652E706E6722207374796C653D226865696768743A323370783B2077696474683A3233707822207469746C653D22736D696C657922202F3EE5AE9EE9AA8CE68AA5E5918A20E5AE9EE9AA8CE59B9BEFBC9A20E4B880E38081E5AE9EE9AA8CE5908DE7A7B0EFBC9A6B6D70E7AE97E6B39520E4BA8CE38081E5AE9EE9AA8CE58685E5AEB9EFBC9A20E5AD97E7ACA6E4B8B2E58CB9E9858DEFBC9AE8AEBEE4B8BBE4B8B2E4B8BA7074723D2671756F743B6162616261616162616261612671756F743B3BEFBC8CE8A681E6AF94E8BE83E79A84E5AD90E4B8B2E4B8BA613D266C6471756F3B61616226726471756F3BEFBC9B20E4B889E38081E5AE9EE9AA8CE8BF87E7A88BEFBC9A2031E38081E5AE9EE9AA8CE58886E69E90EFBC9A20E5AD97E7ACA6E4B8B2E58CB9E9858DE69C80E7AE80E58D95E79A84E696B9E6B395E58FAFE4BBA5E794A86266E7AE97E6B395EFBC8C6266E7AE97E6B395E5A4AAE69AB4E58A9BE4BA86EFBC8CE8BF99E9878CE98787E794A8E69BB4E5A5BDE79A84E7AE97E6B3956B6D70204B4D50E7AE97E6B395E794A8E588B0E4BA866E657874E695B0E7BB84EFBC8CE784B6E5908EE588A9E794A86E657874E695B0E7BB84E79A84E580BCE69DA5E68F90E9AB98E58CB9E9858DE9809FE5BAA62032E38081E4B8BBE8A681E695B0E68DAEE7BB93E69E84EFBC9A2063686172207374725B204E205D203D207B307D3B2063686172207074725B204E205D203D207B307D3B20696E7420736C656E2C20706C656E3B20696E74206E6578745B204E205D3B2033E38081E7AE97E6B395E6809DE683B3EFBC9A204B6D70E7AE97E6B395E79A84E99ABEE782B9E59CA8E4BA8E6E657874E695B0E7BB84E79A84E7A1AEE5AE9AEFBC8C6E6578745B695DE4BBA3E8A1A8E79D80EFBC8CE999A4E58EBBE7ACAC69E4B8AAE695B0EFBC8CE59CA8E4B880E4B8AAE5AD97E7ACA6E4B8B2E9878CE99DA2E4BB8EE7ACACE4B880E4B8AAE695B0E588B0E7ACACEFBC88692D31EFBC89E5AD97E7ACA6E4B8B2E5898DE7BC80E4B88EE5908EE7BC80E69C80E995BFE9878DE5A48DE79A84E4B8AAE695B0E3808220E4BB80E4B988E698AFE5898DE7BC80EFBC9F20E59CA8266C6471756F3B61626126726471756F3BE4B8ADEFBC8CE5898DE7BC80E5B0B1E698AF266C6471756F3B616226726471756F3BEFBC8CE999A4E58EBBE69C80E5908EE4B880E4B8AAE5AD97E7ACA6E79A84E589A9E4BD99E5AD97E7ACA6E4B8B2E3808220E5908CE79086E58FAFE4BBA5E79086E8A7A3E5908EE7BC80E38082E999A4E58EBBE7ACACE4B880E4B8AAE5AD97E7ACA6E79A84E5908EE99DA2E585A8E983A8E79A84E5AD97E7ACA6E4B8B2E3808220E59CA8266C6471756F3B61626126726471756F3BE4B8ADEFBC8CE5898DE7BC80E698AF266C6471756F3B616226726471756F3BEFBC8CE5908EE7BC80E698AF266C6471756F3B626126726471756F3BEFBC8CE982A3E4B988E4B8A4E88085E69C80E995BFE79A84E5AD90E4B8B2E5B0B1E698AF266C6471756F3B6126726471756F3BEFBC9B20E59CA8266C6471756F3B616261626126726471756F3BE4B8ADEFBC8CE5898DE7BC80E698AF266C6471756F3B6162616226726471756F3BEFBC8CE5908EE7BC80E698AF266C6471756F3B6261626126726471756F3BEFBC8CE4BA8CE88085E69C80E995BFE9878DE5A48DE5AD90E4B8B2E698AF266C6471756F3B61626126726471756F3B2034E38081E6BA90E4BBA3E7A081EFBC9A2023696E636C7564652023696E636C7564652023696E636C7564652023646566696E65204E2031303020766F69642063616C5F6E657874282063686172202A207374722C20696E74202A206E6578742C20696E74206C656E2029202F2FE5BE97E588B06E657874E695B0E7BB84207B20696E7420692C206A3B206E6578745B305D203D202D313B20666F72282069203D20313B206920266C743B206C656E3B20692B2B2029207B206A203D206E6578745B2069202D2031205D3B207768696C6528207374725B206A202B2031205D20213D207374725B2069205D2026616D703B26616D703B2028206A202667743B3D203020292029202F2FE4B88DE58CB9E9858DE59B9EE6BAAF207B206A203D206E6578745B206A205D3B207D20696628207374725B2069205D203D3D207374725B206A202B2031205D2029207B206E6578745B2069205D203D206A202B20313B207D20656C7365207B206E6578745B2069205D203D202D313B207D207D207D20696E74204B4D50282063686172202A207374722C20696E7420736C656E2C2063686172202A207074722C20696E7420706C656E2C20696E74202A206E6578742029202F2F6B6D70E7AE97E6B395E7B1BBE4BCBCE4B88AE99DA2E79A8463616C5F6E657874207B20696E7420735F69203D20302C20705F69203D20303B207768696C652820735F6920266C743B20736C656E2026616D703B26616D703B20705F6920266C743B20706C656E2029207B20696628207374725B20735F69205D203D3D207074725B20705F69205D2029207B20735F692B2B3B20705F692B2B3B207D20656C7365207B2069662820705F69203D3D20302029207B20735F692B2B3B207D20656C7365207B20705F69203D206E6578745B20705F69202D2031205D202B20313B207D207D207D2072657475726E202820705F69203D3D20706C656E2029203F202820735F69202D20706C656E2029203A202D313B202F2FE8BF94E59B9EE58CB9E9858DE588B0E79A84E4BD8DE7BDAE207D20696E74206D61696E2829207B2063686172207374725B204E205D203D207B307D3B2063686172207074725B204E205D203D207B307D3B20696E7420736C656E2C20706C656E3B20696E74206E6578745B204E205D3B207768696C6528207363616E6628202671756F743B257325732671756F743B2C207374722C2070747220292029207B20736C656E203D207374726C656E282073747220293B20706C656E203D207374726C656E282070747220293B2063616C5F6E65787428207074722C206E6578742C20706C656E20293B207072696E746628202671756F743B25645C6E2671756F743B2C204B4D5028207374722C20736C656E2C207074722C20706C656E2C206E657874202920293B207D2072657475726E20303B207D20E59B9BE38081E5AE9EE9AA8CE7BB93E69E9CE58886E69E90EFBC9A20E5AFB9E4BA8EE6ADA3E5B8B8E79A84E5AD97E7ACA6E4B8B2E6A8A1E5BC8FE58CB9E9858DEFBC8CE4B8BBE4B8B2E995BFE5BAA6E4B8BA6DEFBC8CE5AD90E4B8B2E4B8BA6EEFBC8CE697B6E997B4E5A48DE69D82E5BAA6E4BC9AE588B0E8BEBE4FEFBC886D2A6EEFBC89EFBC8CE8808CE5A682E69E9CE794A84B4D50E7AE97E6B395EFBC8CE5A48DE69D82E5BAA6E5B086E4BC9AE5878FE5B091E7BABFE59E8BE697B6E997B44FEFBC886D2B6EEFBC89E380823C2F703E, '2018-05-01 06:45:57', '2018-05-08 14:02:59', '1', '2');
INSERT INTO `blog_blog` VALUES ('37', '稀疏矩阵的简单运算', 0x3C70207374796C653D226D617267696E2D6C6566743A30636D3B206D617267696E2D72696768743A30636D223E3C7374726F6E673E3C7370616E207374796C653D226261636B67726F756E642D636F6C6F723A7768697465223E3C7370616E207374796C653D22636F6C6F723A726564223EE5AE9EE9AA8CE68AA5E5918A3C2F7370616E3E3C2F7370616E3E3C2F7374726F6E673E3C2F703E0D0A0D0A3C70207374796C653D226D617267696E2D6C6566743A30636D3B206D617267696E2D72696768743A30636D223EE5AE9EE9AA8CE4BA94EFBC9A3C2F703E0D0A0D0A3C70207374796C653D226D617267696E2D6C6566743A30636D3B206D617267696E2D72696768743A30636D223E3C7374726F6E673EE4B880E38081E5AE9EE9AA8CE5908DE7A7B0EFBC9AE7A880E7968FE79FA9E998B5E79A84E7AE80E58D95E8BF90E7AE973C2F7374726F6E673E3C2F703E0D0A0D0A3C70207374796C653D226D617267696E2D6C6566743A30636D3B206D617267696E2D72696768743A30636D223E3C7374726F6E673EE4BA8CE38081E5AE9EE9AA8CE58685E5AEB93C2F7374726F6E673E3C7374726F6E673EEFBC9A3C2F7374726F6E673E3C2F703E0D0A0D0A3C70207374796C653D226D617267696E2D6C6566743A30636D3B206D617267696E2D72696768743A30636D223E352A35E79A84E7A880E7968FE79FA9E998B5EFBC88E68896E88085E887AAE5AE9AE4B989EFBC89E79A84E58897E5BA8FE98092E5A29EE8BDACE7BDAEE4B88EE5BFABE9809FE8BDACE7BDAEE7AE97E6B395E79A84E6AF94E8BE833C2F703E0D0A0D0A3C70207374796C653D226D617267696E2D6C6566743A30636D3B206D617267696E2D72696768743A30636D223E3C7374726F6E673EE4B889E38081E5AE9EE9AA8CE8BF87E7A88BEFBC9A3C2F7374726F6E673E3C2F703E0D0A0D0A3C70207374796C653D226D617267696E2D6C6566743A30636D3B206D617267696E2D72696768743A30636D223E3C7374726F6E673E313C2F7374726F6E673E3C7374726F6E673EE38081E5AE9EE9AA8CE58886E69E90EFBC9A3C2F7374726F6E673E3C2F703E0D0A0D0A3C70207374796C653D226D617267696E2D6C6566743A30636D3B206D617267696E2D72696768743A30636D223EE7A880E7968FE79FA9E998B5E4B8ADE58583E7B4A0E5B091EFBC8CE4B8BAE4BA86E88A82E7BAA6E7A9BAE997B4E4B88EE697B6E997B4EFBC8CE68980E4BBA5E794A8E4B889E58583E8A1A8E7A4BAE6B395EFBC8CE69DA5E8A1A8E7A4BAE79FA9E998B5EFBC8CE58FAFE4BBA5E88A82E7BAA6E5A4A7E9878FE7A9BAE997B4E380823C2F703E0D0A0D0A3C70207374796C653D226D617267696E2D6C6566743A30636D3B206D617267696E2D72696768743A30636D223E3C7374726F6E673E323C2F7374726F6E673E3C7374726F6E673EE38081E4B8BBE8A681E695B0E68DAEE7BB93E69E84EFBC9A3C2F7374726F6E673E3C2F703E0D0A0D0A3C70207374796C653D226D617267696E2D6C6566743A30636D3B206D617267696E2D72696768743A30636D223E23646566696E65205220353C2F703E0D0A0D0A3C70207374796C653D226D617267696E2D6C6566743A30636D3B206D617267696E2D72696768743A30636D223E23646566696E65204320353C2F703E0D0A0D0A3C70207374796C653D226D617267696E2D6C6566743A30636D3B206D617267696E2D72696768743A30636D223E23646566696E65204D415820313030303C2F703E0D0A0D0A3C70207374796C653D226D617267696E2D6C6566743A30636D3B206D617267696E2D72696768743A30636D223E23646566696E65204D4158532031303C2F703E0D0A0D0A3C70207374796C653D226D617267696E2D6C6566743A30636D3B206D617267696E2D72696768743A30636D223E266E6273703B3C2F703E0D0A0D0A3C70207374796C653D226D617267696E2D6C6566743A30636D3B206D617267696E2D72696768743A30636D223E74797065646566207374727563743C2F703E0D0A0D0A3C70207374796C653D226D617267696E2D6C6566743A30636D3B206D617267696E2D72696768743A30636D223E7B3C2F703E0D0A0D0A3C70207374796C653D226D617267696E2D6C6566743A30636D3B206D617267696E2D72696768743A30636D223E266E6273703B266E6273703B266E6273703B20696E7420726F772C20636F6C3B266E6273703B266E6273703B266E6273703B266E6273703B266E6273703B266E6273703B266E6273703B202F2FE99D9EE99BB6E58583E7B4A0E79A84E8A18CE695B0EFBC8CE58897E695B0EFBC8CE580BC3C2F703E0D0A0D0A3C70207374796C653D226D617267696E2D6C6566743A30636D3B206D617267696E2D72696768743A30636D223E266E6273703B266E6273703B266E6273703B20696E7420653B3C2F703E0D0A0D0A3C70207374796C653D226D617267696E2D6C6566743A30636D3B206D617267696E2D72696768743A30636D223E7D547269706C653B3C2F703E0D0A0D0A3C70207374796C653D226D617267696E2D6C6566743A30636D3B206D617267696E2D72696768743A30636D223E266E6273703B3C2F703E0D0A0D0A3C70207374796C653D226D617267696E2D6C6566743A30636D3B206D617267696E2D72696768743A30636D223E74797065646566207374727563743C2F703E0D0A0D0A3C70207374796C653D226D617267696E2D6C6566743A30636D3B206D617267696E2D72696768743A30636D223E7B3C2F703E0D0A0D0A3C70207374796C653D226D617267696E2D6C6566743A30636D3B206D617267696E2D72696768743A30636D223E266E6273703B266E6273703B266E6273703B20547269706C6520646174615B4D41582B315D3B3C2F703E0D0A0D0A3C70207374796C653D226D617267696E2D6C6566743A30636D3B206D617267696E2D72696768743A30636D223E266E6273703B266E6273703B266E6273703B20696E74206D2C206E2C206C656E3B266E6273703B266E6273703B266E6273703B266E6273703B266E6273703B266E6273703B266E6273703B202F2FE7A880E7968FE79FA9E998B5E79A84E8A18CE695B0EFBC8CE58897E695B0EFBC8CE99D9EE99BB6E58583E7B4A0E4B8AAE695B03C2F703E0D0A0D0A3C70207374796C653D226D617267696E2D6C6566743A30636D3B206D617267696E2D72696768743A30636D223E7D54534D61747269783B3C2F703E0D0A0D0A3C70207374796C653D226D617267696E2D6C6566743A30636D3B206D617267696E2D72696768743A30636D223E266E6273703B3C2F703E0D0A0D0A3C70207374796C653D226D617267696E2D6C6566743A30636D3B206D617267696E2D72696768743A30636D223E3C7374726F6E673E333C2F7374726F6E673E3C7374726F6E673EE38081E7AE97E6B395E6809DE683B3EFBC9A3C2F7374726F6E673E3C2F703E0D0A0D0A3C70207374796C653D226D617267696E2D6C6566743A30636D3B206D617267696E2D72696768743A30636D223EE5AFB9E4BA8EE58897E5BA8FE98092E5A29EE8BDACE7BDAEE7AE97E6B395EFBC8CE8A681E9809AE8BF87E58F8CE5B182E5BEAAE78EAFE69DA5E5AE8CE68890E38082E8A681E694B9E59684E7AE97E6B395E79A84E697B6E997B4E680A7E883BDEFBC8CE5BF85E9A1BBE58EBBE68E89E58F8CE5B182E5BEAAE78EAFEFBC8CE4BDBFE695B4E4B8AAE8BDACE7BDAEE8BF87E7A88BE9809AE8BF87E4B880E9878DE5BEAAE78EAFE69DA5E5AE8CE68890E380823C2F703E0D0A0D0A3C70207374796C653D226D617267696E2D6C6566743A30636D3B206D617267696E2D72696768743A30636D223EE68980E4BBA5E8A681E8AEA1E7AE97E5A5BDE5BE85E8BDACE7BDAEE79FA9E998B5E4B889E58583E7BB84E8A1A841E6AF8FE4B880E58897E4B8ADE99D9EE99BB6E58583E7B4A0E79A84E680BBE4B8AAE695B0EFBC8CE58DB3E8BDACE7BDAEE5908EE79FA9E998B5E4B889E58583E7BB84E8A1A842E79A84E6AF8FE4B880E8A18CE4B8ADE99D9EE99BB6E58583E7B4A0E79A84E680BBE4B8AAE695B0EFBC8CE5928CE5BE85E8BDACE7BDAEE79FA9E998B5E6AF8FE4B880E58897E4B8ADE7ACACE4B880E4B8AAE99D9EE99BB6E58583E7B4A0E59CA8E4B889E58583E7A79FE8A1A842E4B8ADE79A84E6ADA3E7A1AEE4BD8DE7BDAEEFBC8CE58DB3E8BDACE7BDAEE5908EE79FA9E998B5E6AF8FE4B880E8A18CE4B8ADE7ACACE4B880E4B8AAE99D9EE99BB6E58583E7B4A0E59CA8E4B889E58583E7BB84E8A1A8E4B8ADE79A84E6ADA3E7A1AEE4BD8DE7BDAEE380823C2F703E0D0A0D0A3C70207374796C653D226D617267696E2D6C6566743A30636D3B206D617267696E2D72696768743A30636D223E266E6273703B3C2F703E0D0A0D0A3C70207374796C653D226D617267696E2D6C6566743A30636D3B206D617267696E2D72696768743A30636D223E3C7374726F6E673E343C2F7374726F6E673E3C7374726F6E673EE38081E6BA90E4BBA3E7A081EFBC9A3C2F7374726F6E673E3C2F703E0D0A0D0A3C70207374796C653D226D617267696E2D6C6566743A30636D3B206D617267696E2D72696768743A30636D223E2F2A3C2F703E0D0A0D0A3C70207374796C653D226D617267696E2D6C6566743A30636D3B206D617267696E2D72696768743A30636D223EE7A880E7968FE79FA9E998B5E79A84E7AE80E58D95E8BF90E7AE97EFBC9A3C2F703E0D0A0D0A3C70207374796C653D226D617267696E2D6C6566743A30636D3B206D617267696E2D72696768743A30636D223E266E6273703B3C2F703E0D0A0D0A3C70207374796C653D226D617267696E2D6C6566743A30636D3B206D617267696E2D72696768743A30636D223EE58897E5BA8FE98092E5A29EE8BDACE7BDAE3C2F703E0D0A0D0A3C70207374796C653D226D617267696E2D6C6566743A30636D3B206D617267696E2D72696768743A30636D223EE4B880E6ACA1E5AE9AE4BD8DE5BFABE9809FE8BDACE7BDAE3C2F703E0D0A0D0A3C70207374796C653D226D617267696E2D6C6566743A30636D3B206D617267696E2D72696768743A30636D223E2A2F3C2F703E0D0A0D0A3C70207374796C653D226D617267696E2D6C6566743A30636D3B206D617267696E2D72696768743A30636D223E266E6273703B3C2F703E0D0A0D0A3C70207374796C653D226D617267696E2D6C6566743A30636D3B206D617267696E2D72696768743A30636D223E23696E636C75646520266C743B737464696F2E682667743B3C2F703E0D0A0D0A3C70207374796C653D226D617267696E2D6C6566743A30636D3B206D617267696E2D72696768743A30636D223E23696E636C75646520266C743B737472696E672E682667743B3C2F703E0D0A0D0A3C70207374796C653D226D617267696E2D6C6566743A30636D3B206D617267696E2D72696768743A30636D223E266E6273703B3C2F703E0D0A0D0A3C70207374796C653D226D617267696E2D6C6566743A30636D3B206D617267696E2D72696768743A30636D223E266E6273703B3C2F703E0D0A0D0A3C70207374796C653D226D617267696E2D6C6566743A30636D3B206D617267696E2D72696768743A30636D223E23646566696E65205220353C2F703E0D0A0D0A3C70207374796C653D226D617267696E2D6C6566743A30636D3B206D617267696E2D72696768743A30636D223E23646566696E65204320353C2F703E0D0A0D0A3C70207374796C653D226D617267696E2D6C6566743A30636D3B206D617267696E2D72696768743A30636D223E23646566696E65204D415820313030303C2F703E0D0A0D0A3C70207374796C653D226D617267696E2D6C6566743A30636D3B206D617267696E2D72696768743A30636D223E23646566696E65204D4158532031303C2F703E0D0A0D0A3C70207374796C653D226D617267696E2D6C6566743A30636D3B206D617267696E2D72696768743A30636D223E266E6273703B3C2F703E0D0A0D0A3C70207374796C653D226D617267696E2D6C6566743A30636D3B206D617267696E2D72696768743A30636D223E74797065646566207374727563743C2F703E0D0A0D0A3C70207374796C653D226D617267696E2D6C6566743A30636D3B206D617267696E2D72696768743A30636D223E7B3C2F703E0D0A0D0A3C70207374796C653D226D617267696E2D6C6566743A30636D3B206D617267696E2D72696768743A30636D223E266E6273703B266E6273703B266E6273703B20696E7420726F772C20636F6C3B266E6273703B266E6273703B266E6273703B266E6273703B266E6273703B266E6273703B266E6273703B202F2FE99D9EE99BB6E58583E7B4A0E79A84E8A18CE695B0EFBC8CE58897E695B0EFBC8CE580BC3C2F703E0D0A0D0A3C70207374796C653D226D617267696E2D6C6566743A30636D3B206D617267696E2D72696768743A30636D223E266E6273703B266E6273703B266E6273703B20696E7420653B3C2F703E0D0A0D0A3C70207374796C653D226D617267696E2D6C6566743A30636D3B206D617267696E2D72696768743A30636D223E7D547269706C653B3C2F703E0D0A0D0A3C70207374796C653D226D617267696E2D6C6566743A30636D3B206D617267696E2D72696768743A30636D223E266E6273703B3C2F703E0D0A0D0A3C70207374796C653D226D617267696E2D6C6566743A30636D3B206D617267696E2D72696768743A30636D223E74797065646566207374727563743C2F703E0D0A0D0A3C70207374796C653D226D617267696E2D6C6566743A30636D3B206D617267696E2D72696768743A30636D223E7B3C2F703E0D0A0D0A3C70207374796C653D226D617267696E2D6C6566743A30636D3B206D617267696E2D72696768743A30636D223E266E6273703B266E6273703B266E6273703B20547269706C6520646174615B4D41582B315D3B3C2F703E0D0A0D0A3C70207374796C653D226D617267696E2D6C6566743A30636D3B206D617267696E2D72696768743A30636D223E266E6273703B266E6273703B266E6273703B20696E74206D2C206E2C206C656E3B266E6273703B266E6273703B266E6273703B266E6273703B266E6273703B266E6273703B266E6273703B202F2FE7A880E7968FE79FA9E998B5E79A84E8A18CE695B0EFBC8CE58897E695B0EFBC8CE99D9EE99BB6E58583E7B4A0E4B8AAE695B03C2F703E0D0A0D0A3C70207374796C653D226D617267696E2D6C6566743A30636D3B206D617267696E2D72696768743A30636D223E7D54534D61747269783B3C2F703E0D0A0D0A3C70207374796C653D226D617267696E2D6C6566743A30636D3B206D617267696E2D72696768743A30636D223E266E6273703B3C2F703E0D0A0D0A3C70207374796C653D226D617267696E2D6C6566743A30636D3B206D617267696E2D72696768743A30636D223E2F2FE587BDE695B0E5A3B0E6988E3C2F703E0D0A0D0A3C70207374796C653D226D617267696E2D6C6566743A30636D3B206D617267696E2D72696768743A30636D223E766F6964207072696E742854534D61747269782041293B266E6273703B266E6273703B266E6273703B266E6273703B266E6273703B266E6273703B266E6273703B202F2FE8BE93E587BAE4B889E58583E7BB84E8A1A83C2F703E0D0A0D0A3C70207374796C653D226D617267696E2D6C6566743A30636D3B206D617267696E2D72696768743A30636D223E54534D6174726978206372656174652854534D617472697820412C20696E7420615B525D5B435D2C2054534D61747269782042293B266E6273703B266E6273703B266E6273703B266E6273703B266E6273703B266E6273703B266E6273703B202F2FE5889BE5BBBAE7A880E7968FE79FA9E998B53C2F703E0D0A0D0A3C70207374796C653D226D617267696E2D6C6566743A30636D3B206D617267696E2D72696768743A30636D223E766F6964205472616E706F736554534D61747269782854534D617472697820412C2054534D6174726978202A42293B266E6273703B266E6273703B266E6273703B266E6273703B266E6273703B266E6273703B266E6273703B266E6273703B266E6273703B266E6273703B266E6273703B266E6273703B266E6273703B266E6273703B266E6273703B202F2FE58897E5BA8FE98092E5A29EE8BDACE7BDAE3C2F703E0D0A0D0A3C70207374796C653D226D617267696E2D6C6566743A30636D3B206D617267696E2D72696768743A30636D223E766F696420466173745472616E706F736554534D61747269782854534D617472697820412C2054534D6174726978202A42293B266E6273703B266E6273703B266E6273703B266E6273703B266E6273703B266E6273703B266E6273703B266E6273703B202F2FE4B880E6ACA1E5AE9AE4BD8DE5BFABE9809FE8BDACE7BDAE3C2F703E0D0A0D0A3C70207374796C653D226D617267696E2D6C6566743A30636D3B206D617267696E2D72696768743A30636D223E266E6273703B3C2F703E0D0A0D0A3C70207374796C653D226D617267696E2D6C6566743A30636D3B206D617267696E2D72696768743A30636D223E2F2FE8BE93E587BAE4B889E58583E7BB84E8A1A83C2F703E0D0A0D0A3C70207374796C653D226D617267696E2D6C6566743A30636D3B206D617267696E2D72696768743A30636D223E766F6964207072696E742854534D61747269782041293C2F703E0D0A0D0A3C70207374796C653D226D617267696E2D6C6566743A30636D3B206D617267696E2D72696768743A30636D223E7B3C2F703E0D0A0D0A3C70207374796C653D226D617267696E2D6C6566743A30636D3B206D617267696E2D72696768743A30636D223E266E6273703B266E6273703B266E6273703B20696E7420693B3C2F703E0D0A0D0A3C70207374796C653D226D617267696E2D6C6566743A30636D3B206D617267696E2D72696768743A30636D223E266E6273703B3C2F703E0D0A0D0A3C70207374796C653D226D617267696E2D6C6566743A30636D3B206D617267696E2D72696768743A30636D223E266E6273703B266E6273703B266E6273703B207072696E7466282671756F743B726F7720636F6C266E6273703B266E6273703B266E6273703B20655C6E2671756F743B293B3C2F703E0D0A0D0A3C70207374796C653D226D617267696E2D6C6566743A30636D3B206D617267696E2D72696768743A30636D223E266E6273703B266E6273703B266E6273703B20666F722869203D20313B206920266C743B3D20412E6C656E3B20692B2B293C2F703E0D0A0D0A3C70207374796C653D226D617267696E2D6C6566743A30636D3B206D617267696E2D72696768743A30636D223E266E6273703B266E6273703B266E6273703B207B3C2F703E0D0A0D0A3C70207374796C653D226D617267696E2D6C6566743A30636D3B206D617267696E2D72696768743A30636D223E266E6273703B266E6273703B266E6273703B266E6273703B266E6273703B266E6273703B266E6273703B207072696E7466282671756F743B2533642534642535645C6E2671756F743B2C20412E646174615B695D2E726F772C20412E646174615B695D2E636F6C2C20412E646174615B695D2E65293B3C2F703E0D0A0D0A3C70207374796C653D226D617267696E2D6C6566743A30636D3B206D617267696E2D72696768743A30636D223E266E6273703B266E6273703B266E6273703B207D3C2F703E0D0A0D0A3C70207374796C653D226D617267696E2D6C6566743A30636D3B206D617267696E2D72696768743A30636D223E7D3C2F703E0D0A0D0A3C70207374796C653D226D617267696E2D6C6566743A30636D3B206D617267696E2D72696768743A30636D223E266E6273703B3C2F703E0D0A0D0A3C70207374796C653D226D617267696E2D6C6566743A30636D3B206D617267696E2D72696768743A30636D223E2F2FE5889BE5BBBAE7A880E7968FE79FA9E998B53C2F703E0D0A0D0A3C70207374796C653D226D617267696E2D6C6566743A30636D3B206D617267696E2D72696768743A30636D223E54534D6174726978206372656174652854534D617472697820412C20696E7420615B525D5B435D2C2054534D61747269782042293C2F703E0D0A0D0A3C70207374796C653D226D617267696E2D6C6566743A30636D3B206D617267696E2D72696768743A30636D223E7B3C2F703E0D0A0D0A3C70207374796C653D226D617267696E2D6C6566743A30636D3B206D617267696E2D72696768743A30636D223E266E6273703B266E6273703B266E6273703B20696E7420692C206A3B3C2F703E0D0A0D0A3C70207374796C653D226D617267696E2D6C6566743A30636D3B206D617267696E2D72696768743A30636D223E266E6273703B266E6273703B266E6273703B20412E6D203D20523B3C2F703E0D0A0D0A3C70207374796C653D226D617267696E2D6C6566743A30636D3B206D617267696E2D72696768743A30636D223E266E6273703B266E6273703B266E6273703B20412E6E203D20433B3C2F703E0D0A0D0A3C70207374796C653D226D617267696E2D6C6566743A30636D3B206D617267696E2D72696768743A30636D223E266E6273703B266E6273703B266E6273703B20412E6C656E203D20303B3C2F703E0D0A0D0A3C70207374796C653D226D617267696E2D6C6566743A30636D3B206D617267696E2D72696768743A30636D223E266E6273703B3C2F703E0D0A0D0A3C70207374796C653D226D617267696E2D6C6566743A30636D3B206D617267696E2D72696768743A30636D223E266E6273703B266E6273703B266E6273703B207072696E7466282671756F743BE8AFB7E8BE93E585A52564202A202564E79A84E7A880E7968FE79FA9E998B55C6E2671756F743B2C20412E6D2C20412E6E293B3C2F703E0D0A0D0A3C70207374796C653D226D617267696E2D6C6566743A30636D3B206D617267696E2D72696768743A30636D223E266E6273703B266E6273703B266E6273703B20666F722869203D20302C206A203D20303B206920266C743B20412E6D3B20692B2B2C206A203D2030293C2F703E0D0A0D0A3C70207374796C653D226D617267696E2D6C6566743A30636D3B206D617267696E2D72696768743A30636D223E266E6273703B266E6273703B266E6273703B207B3C2F703E0D0A0D0A3C70207374796C653D226D617267696E2D6C6566743A30636D3B206D617267696E2D72696768743A30636D223E266E6273703B266E6273703B266E6273703B266E6273703B266E6273703B266E6273703B266E6273703B207072696E7466282671756F743BE7ACAC2564E8A18CE79FA9E998B5E58583E7B4A0E4B8BAEFBC9A2671756F743B2C20692B31293B3C2F703E0D0A0D0A3C70207374796C653D226D617267696E2D6C6566743A30636D3B206D617267696E2D72696768743A30636D223E266E6273703B266E6273703B266E6273703B266E6273703B266E6273703B266E6273703B266E6273703B207363616E66282671756F743B256425642564256425642671756F743B2C2026616D703B615B695D5B6A5D2C2026616D703B615B695D5B6A2B315D2C2026616D703B615B695D5B6A2B325D2C2026616D703B615B695D5B6A2B335D2C2026616D703B615B695D5B6A2B345D293B3C2F703E0D0A0D0A3C70207374796C653D226D617267696E2D6C6566743A30636D3B206D617267696E2D72696768743A30636D223E2F2F266E6273703B266E6273703B266E6273703B266E6273703B266E6273703B266E6273703B266E6273703B207072696E7466282671756F743B5C6E2671756F743B293B3C2F703E0D0A0D0A3C70207374796C653D226D617267696E2D6C6566743A30636D3B206D617267696E2D72696768743A30636D223E266E6273703B266E6273703B266E6273703B207D266E6273703B266E6273703B266E6273703B202F2FE8BE93E585A5E7A880E7968FE79FA9E998B53C2F703E0D0A0D0A3C70207374796C653D226D617267696E2D6C6566743A30636D3B206D617267696E2D72696768743A30636D223E266E6273703B3C2F703E0D0A0D0A3C70207374796C653D226D617267696E2D6C6566743A30636D3B206D617267696E2D72696768743A30636D223E266E6273703B266E6273703B266E6273703B207072696E7466282671756F743BE79FA9E998B5E4B8BAEFBC9A5C6E2671756F743B293B3C2F703E0D0A0D0A3C70207374796C653D226D617267696E2D6C6566743A30636D3B206D617267696E2D72696768743A30636D223E266E6273703B266E6273703B266E6273703B20666F7228693D303B2069266C743B412E6D3B692B2B293C2F703E0D0A0D0A3C70207374796C653D226D617267696E2D6C6566743A30636D3B206D617267696E2D72696768743A30636D223E266E6273703B266E6273703B266E6273703B207B3C2F703E0D0A0D0A3C70207374796C653D226D617267696E2D6C6566743A30636D3B206D617267696E2D72696768743A30636D223E266E6273703B266E6273703B266E6273703B266E6273703B266E6273703B266E6273703B266E6273703B20666F72286A3D303B206A266C743B412E6E3B6A2B2B293C2F703E0D0A0D0A3C70207374796C653D226D617267696E2D6C6566743A30636D3B206D617267696E2D72696768743A30636D223E266E6273703B266E6273703B266E6273703B266E6273703B266E6273703B266E6273703B266E6273703B207B3C2F703E0D0A0D0A3C70207374796C653D226D617267696E2D6C6566743A30636D3B206D617267696E2D72696768743A30636D223E266E6273703B266E6273703B266E6273703B266E6273703B266E6273703B266E6273703B266E6273703B266E6273703B266E6273703B266E6273703B266E6273703B20696628615B695D5B6A5D20213D2030293C2F703E0D0A0D0A3C70207374796C653D226D617267696E2D6C6566743A30636D3B206D617267696E2D72696768743A30636D223E266E6273703B266E6273703B266E6273703B266E6273703B266E6273703B266E6273703B266E6273703B266E6273703B266E6273703B266E6273703B266E6273703B207B3C2F703E0D0A0D0A3C70207374796C653D226D617267696E2D6C6566743A30636D3B206D617267696E2D72696768743A30636D223E266E6273703B266E6273703B266E6273703B266E6273703B266E6273703B266E6273703B266E6273703B266E6273703B266E6273703B266E6273703B266E6273703B266E6273703B266E6273703B266E6273703B266E6273703B20412E6C656E2B2B3B3C2F703E0D0A0D0A3C70207374796C653D226D617267696E2D6C6566743A30636D3B206D617267696E2D72696768743A30636D223E266E6273703B266E6273703B266E6273703B266E6273703B266E6273703B266E6273703B266E6273703B266E6273703B266E6273703B266E6273703B266E6273703B266E6273703B266E6273703B266E6273703B266E6273703B20412E646174615B412E6C656E5D2E726F77203D20692B313B3C2F703E0D0A0D0A3C70207374796C653D226D617267696E2D6C6566743A30636D3B206D617267696E2D72696768743A30636D223E266E6273703B266E6273703B266E6273703B266E6273703B266E6273703B266E6273703B266E6273703B266E6273703B266E6273703B266E6273703B266E6273703B266E6273703B266E6273703B266E6273703B266E6273703B20412E646174615B412E6C656E5D2E636F6C203D206A2B313B3C2F703E0D0A0D0A3C70207374796C653D226D617267696E2D6C6566743A30636D3B206D617267696E2D72696768743A30636D223E266E6273703B266E6273703B266E6273703B266E6273703B266E6273703B266E6273703B266E6273703B266E6273703B266E6273703B266E6273703B266E6273703B266E6273703B266E6273703B266E6273703B266E6273703B20412E646174615B412E6C656E5D2E65203D20615B695D5B6A5D3B3C2F703E0D0A0D0A3C70207374796C653D226D617267696E2D6C6566743A30636D3B206D617267696E2D72696768743A30636D223E266E6273703B266E6273703B266E6273703B266E6273703B266E6273703B266E6273703B266E6273703B266E6273703B266E6273703B266E6273703B266E6273703B207D3C2F703E0D0A0D0A3C70207374796C653D226D617267696E2D6C6566743A30636D3B206D617267696E2D72696768743A30636D223E266E6273703B266E6273703B266E6273703B266E6273703B266E6273703B266E6273703B266E6273703B266E6273703B266E6273703B266E6273703B266E6273703B207072696E7466282671756F743B2535642671756F743B2C20615B695D5B6A5D293B3C2F703E0D0A0D0A3C70207374796C653D226D617267696E2D6C6566743A30636D3B206D617267696E2D72696768743A30636D223E266E6273703B266E6273703B266E6273703B266E6273703B266E6273703B266E6273703B266E6273703B207D3C2F703E0D0A0D0A3C70207374796C653D226D617267696E2D6C6566743A30636D3B206D617267696E2D72696768743A30636D223E266E6273703B266E6273703B266E6273703B266E6273703B266E6273703B266E6273703B266E6273703B207072696E7466282671756F743B5C6E2671756F743B293B3C2F703E0D0A0D0A3C70207374796C653D226D617267696E2D6C6566743A30636D3B206D617267696E2D72696768743A30636D223E266E6273703B266E6273703B266E6273703B207D266E6273703B266E6273703B266E6273703B202F2FE8BE93E587BAE79FA9E998B5EFBC8CE5B9B6E7BB9FE8AEA1E99D9EE99BB6E58583E7B4A0E4B8AAE695B0412E6C656E3C2F703E0D0A0D0A3C70207374796C653D226D617267696E2D6C6566743A30636D3B206D617267696E2D72696768743A30636D223E266E6273703B3C2F703E0D0A0D0A3C70207374796C653D226D617267696E2D6C6566743A30636D3B206D617267696E2D72696768743A30636D223E266E6273703B266E6273703B266E6273703B20696628412E6C656E20266C743B2037293C2F703E0D0A0D0A3C70207374796C653D226D617267696E2D6C6566743A30636D3B206D617267696E2D72696768743A30636D223E266E6273703B266E6273703B266E6273703B207B3C2F703E0D0A0D0A3C70207374796C653D226D617267696E2D6C6566743A30636D3B206D617267696E2D72696768743A30636D223E266E6273703B266E6273703B266E6273703B266E6273703B266E6273703B266E6273703B266E6273703B207072696E7466282671756F743BE7A880E7968FE79FA9E998B5E585B1E69C892564E4B8AAE99D9EE99BB6E58583E7B4A0EFBC815C6E2671756F743B2C20412E6C656E293B3C2F703E0D0A0D0A3C70207374796C653D226D617267696E2D6C6566743A30636D3B206D617267696E2D72696768743A30636D223E266E6273703B266E6273703B266E6273703B266E6273703B266E6273703B266E6273703B266E6273703B202F2FE8BE93E587BAE4B889E58583E7BB84E8A1A8413C2F703E0D0A0D0A3C70207374796C653D226D617267696E2D6C6566743A30636D3B206D617267696E2D72696768743A30636D223E266E6273703B266E6273703B266E6273703B266E6273703B266E6273703B266E6273703B266E6273703B207072696E7466282671756F743BE8BE93E587BAE4B889E58583E7BB84E8A1A8204120E4B8BA3A5C6E2671756F743B293B3C2F703E0D0A0D0A3C70207374796C653D226D617267696E2D6C6566743A30636D3B206D617267696E2D72696768743A30636D223E266E6273703B266E6273703B266E6273703B266E6273703B266E6273703B266E6273703B266E6273703B207072696E742841293B3C2F703E0D0A0D0A3C70207374796C653D226D617267696E2D6C6566743A30636D3B206D617267696E2D72696768743A30636D223E266E6273703B3C2F703E0D0A0D0A3C70207374796C653D226D617267696E2D6C6566743A30636D3B206D617267696E2D72696768743A30636D223E266E6273703B266E6273703B266E6273703B266E6273703B266E6273703B266E6273703B266E6273703B202F2FE8BE93E587BA20E68C89E58897E5BA8FE8BDACE7BDAEE5908E20E79A84E4B889E58583E7BB84E8A1A8423C2F703E0D0A0D0A3C70207374796C653D226D617267696E2D6C6566743A30636D3B206D617267696E2D72696768743A30636D223E266E6273703B266E6273703B266E6273703B266E6273703B266E6273703B266E6273703B266E6273703B207072696E7466282671756F743BE68C89E58897E5BA8FE8BDACE7BDAEE5908EE4B889E58583E7BB84E8A1A8204220E4B8BAEFBC9A5C6E2671756F743B293B3C2F703E0D0A0D0A3C70207374796C653D226D617267696E2D6C6566743A30636D3B206D617267696E2D72696768743A30636D223E266E6273703B266E6273703B266E6273703B266E6273703B266E6273703B266E6273703B266E6273703B205472616E706F736554534D617472697828412C2026616D703B42293B3C2F703E0D0A0D0A3C70207374796C653D226D617267696E2D6C6566743A30636D3B206D617267696E2D72696768743A30636D223E266E6273703B266E6273703B266E6273703B266E6273703B266E6273703B266E6273703B266E6273703B207072696E742842293B3C2F703E0D0A0D0A3C70207374796C653D226D617267696E2D6C6566743A30636D3B206D617267696E2D72696768743A30636D223E266E6273703B3C2F703E0D0A0D0A3C70207374796C653D226D617267696E2D6C6566743A30636D3B206D617267696E2D72696768743A30636D223E266E6273703B266E6273703B266E6273703B266E6273703B266E6273703B266E6273703B266E6273703B202F2FE8BE93E587BA20E5BFABE9809FE8BDACE7BDAEE6B395266E6273703B20E79A84E4B889E58583E7BB84E8A1A8423C2F703E0D0A0D0A3C70207374796C653D226D617267696E2D6C6566743A30636D3B206D617267696E2D72696768743A30636D223E266E6273703B266E6273703B266E6273703B266E6273703B266E6273703B266E6273703B266E6273703B207072696E7466282671756F743BE68C89E5BFABE9809FE8BDACE7BDAEE6B395E8BDACE7BDAEE5908EE79A84E4B889E58583E7BB84E8A1A8204220E4B8BAEFBC9A5C6E2671756F743B293B3C2F703E0D0A0D0A3C70207374796C653D226D617267696E2D6C6566743A30636D3B206D617267696E2D72696768743A30636D223E266E6273703B266E6273703B266E6273703B266E6273703B266E6273703B266E6273703B266E6273703B20466173745472616E706F736554534D617472697828412C2026616D703B42293B3C2F703E0D0A0D0A3C70207374796C653D226D617267696E2D6C6566743A30636D3B206D617267696E2D72696768743A30636D223E266E6273703B266E6273703B266E6273703B266E6273703B266E6273703B266E6273703B266E6273703B207072696E742842293B3C2F703E0D0A0D0A3C70207374796C653D226D617267696E2D6C6566743A30636D3B206D617267696E2D72696768743A30636D223E266E6273703B266E6273703B266E6273703B207D3C2F703E0D0A0D0A3C70207374796C653D226D617267696E2D6C6566743A30636D3B206D617267696E2D72696768743A30636D223E266E6273703B266E6273703B266E6273703B20656C73653C2F703E0D0A0D0A3C70207374796C653D226D617267696E2D6C6566743A30636D3B206D617267696E2D72696768743A30636D223E266E6273703B20266E6273703B266E6273703B7B3C2F703E0D0A0D0A3C70207374796C653D226D617267696E2D6C6566743A30636D3B206D617267696E2D72696768743A30636D223E266E6273703B266E6273703B266E6273703B266E6273703B266E6273703B266E6273703B266E6273703B207072696E7466282671756F743BE59BA0E4B8BA20412E6C656E203D2025642C20412E6C656E202667743B3D202566202671756F743B2C20412E6C656E2C2028352A352A302E3329293B3C2F703E0D0A0D0A3C70207374796C653D226D617267696E2D6C6566743A30636D3B206D617267696E2D72696768743A30636D223E266E6273703B266E6273703B266E6273703B266E6273703B266E6273703B266E6273703B266E6273703B207072696E7466282671756F743BE68980E4BBA520E4BDA0E8BE93E585A5E79A84E4B88DE698AFE7A880E7968FE79FA9E998B521205C6E2671756F743B293B3C2F703E0D0A0D0A3C70207374796C653D226D617267696E2D6C6566743A30636D3B206D617267696E2D72696768743A30636D223E2F2F266E6273703B266E6273703B266E6273703B266E6273703B266E6273703B266E6273703B266E6273703B2063726561746528412C20612C2042293B3C2F703E0D0A0D0A3C70207374796C653D226D617267696E2D6C6566743A30636D3B206D617267696E2D72696768743A30636D223E266E6273703B266E6273703B266E6273703B207D266E6273703B266E6273703B266E6273703B202F2FE588A4E696ADE698AFE590A6E4B8BAE7A880E7968FE79FA9E998B5EFBC8CE88BA5E4B88DE698AFE58899E9878DE696B0E8BE93E585A53C2F703E0D0A0D0A3C70207374796C653D226D617267696E2D6C6566743A30636D3B206D617267696E2D72696768743A30636D223E266E6273703B3C2F703E0D0A0D0A3C70207374796C653D226D617267696E2D6C6566743A30636D3B206D617267696E2D72696768743A30636D223E266E6273703B266E6273703B266E6273703B207072696E7466282671756F743B5C6E2671756F743B293B3C2F703E0D0A0D0A3C70207374796C653D226D617267696E2D6C6566743A30636D3B206D617267696E2D72696768743A30636D223E266E6273703B266E6273703B266E6273703B2072657475726E20413B3C2F703E0D0A0D0A3C70207374796C653D226D617267696E2D6C6566743A30636D3B206D617267696E2D72696768743A30636D223E7D3C2F703E0D0A0D0A3C70207374796C653D226D617267696E2D6C6566743A30636D3B206D617267696E2D72696768743A30636D223E266E6273703B3C2F703E0D0A0D0A3C70207374796C653D226D617267696E2D6C6566743A30636D3B206D617267696E2D72696768743A30636D223E2F2FE58897E5BA8FE98092E5A29EE8BDACE7BDAE3C2F703E0D0A0D0A3C70207374796C653D226D617267696E2D6C6566743A30636D3B206D617267696E2D72696768743A30636D223E766F6964205472616E706F736554534D61747269782854534D617472697820412C2054534D6174726978202A42297B3C2F703E0D0A0D0A3C70207374796C653D226D617267696E2D6C6566743A30636D3B206D617267696E2D72696768743A30636D223E266E6273703B266E6273703B266E6273703B20696E7420692C206A2C206B3B3C2F703E0D0A0D0A3C70207374796C653D226D617267696E2D6C6566743A30636D3B206D617267696E2D72696768743A30636D223E266E6273703B266E6273703B266E6273703B20422D2667743B6D203D20412E6D3B3C2F703E0D0A0D0A3C70207374796C653D226D617267696E2D6C6566743A30636D3B206D617267696E2D72696768743A30636D223E266E6273703B266E6273703B266E6273703B20422D2667743B6E203D20412E6E3B3C2F703E0D0A0D0A3C70207374796C653D226D617267696E2D6C6566743A30636D3B206D617267696E2D72696768743A30636D223E266E6273703B266E6273703B266E6273703B20422D2667743B6C656E203D20412E6C656E3B3C2F703E0D0A0D0A3C70207374796C653D226D617267696E2D6C6566743A30636D3B206D617267696E2D72696768743A30636D223E266E6273703B3C2F703E0D0A0D0A3C70207374796C653D226D617267696E2D6C6566743A30636D3B206D617267696E2D72696768743A30636D223E266E6273703B266E6273703B266E6273703B20696628422D2667743B6C656E202667743B2030293C2F703E0D0A0D0A3C70207374796C653D226D617267696E2D6C6566743A30636D3B206D617267696E2D72696768743A30636D223E266E6273703B266E6273703B266E6273703B207B3C2F703E0D0A0D0A3C70207374796C653D226D617267696E2D6C6566743A30636D3B206D617267696E2D72696768743A30636D223E266E6273703B266E6273703B266E6273703B266E6273703B266E6273703B266E6273703B266E6273703B206A203D20313B3C2F703E0D0A0D0A3C70207374796C653D226D617267696E2D6C6566743A30636D3B206D617267696E2D72696768743A30636D223E266E6273703B266E6273703B266E6273703B266E6273703B266E6273703B266E6273703B266E6273703B20666F72286B203D20313B206B20266C743B3D20422D2667743B6E3B206B2B2B293C2F703E0D0A0D0A3C70207374796C653D226D617267696E2D6C6566743A30636D3B206D617267696E2D72696768743A30636D223E266E6273703B266E6273703B266E6273703B266E6273703B266E6273703B266E6273703B266E6273703B207B3C2F703E0D0A0D0A3C70207374796C653D226D617267696E2D6C6566743A30636D3B206D617267696E2D72696768743A30636D223E266E6273703B266E6273703B266E6273703B266E6273703B266E6273703B266E6273703B266E6273703B266E6273703B266E6273703B266E6273703B266E6273703B20666F722869203D20313B206920266C743B3D20422D2667743B6C656E3B20692B2B293C2F703E0D0A0D0A3C70207374796C653D226D617267696E2D6C6566743A30636D3B206D617267696E2D72696768743A30636D223E266E6273703B266E6273703B266E6273703B266E6273703B266E6273703B266E6273703B266E6273703B266E6273703B266E6273703B266E6273703B266E6273703B207B3C2F703E0D0A0D0A3C70207374796C653D226D617267696E2D6C6566743A30636D3B206D617267696E2D72696768743A30636D223E266E6273703B266E6273703B266E6273703B266E6273703B266E6273703B266E6273703B266E6273703B266E6273703B266E6273703B266E6273703B266E6273703B266E6273703B266E6273703B266E6273703B266E6273703B20696628412E646174615B695D2E636F6C203D3D206B293C2F703E0D0A0D0A3C70207374796C653D226D617267696E2D6C6566743A30636D3B206D617267696E2D72696768743A30636D223E266E6273703B266E6273703B266E6273703B266E6273703B266E6273703B266E6273703B266E6273703B266E6273703B266E6273703B266E6273703B266E6273703B266E6273703B266E6273703B266E6273703B266E6273703B207B3C2F703E0D0A0D0A3C70207374796C653D226D617267696E2D6C6566743A30636D3B206D617267696E2D72696768743A30636D223E266E6273703B266E6273703B266E6273703B266E6273703B266E6273703B266E6273703B266E6273703B266E6273703B266E6273703B266E6273703B266E6273703B266E6273703B266E6273703B266E6273703B266E6273703B266E6273703B266E6273703B266E6273703B266E6273703B20422D2667743B646174615B6A5D2E726F77203D20412E646174615B695D2E636F6C3B3C2F703E0D0A0D0A3C70207374796C653D226D617267696E2D6C6566743A30636D3B206D617267696E2D72696768743A30636D223E266E6273703B266E6273703B266E6273703B266E6273703B266E6273703B266E6273703B266E6273703B266E6273703B266E6273703B266E6273703B266E6273703B266E6273703B266E6273703B266E6273703B266E6273703B266E6273703B266E6273703B266E6273703B266E6273703B20422D2667743B646174615B6A5D2E636F6C203D20412E646174615B695D2E726F773B3C2F703E0D0A0D0A3C70207374796C653D226D617267696E2D6C6566743A30636D3B206D617267696E2D72696768743A30636D223E266E6273703B266E6273703B266E6273703B266E6273703B266E6273703B266E6273703B266E6273703B266E6273703B266E6273703B266E6273703B266E6273703B266E6273703B266E6273703B266E6273703B266E6273703B266E6273703B266E6273703B266E6273703B266E6273703B20422D2667743B646174615B6A5D2E65203D20412E646174615B695D2E653B3C2F703E0D0A0D0A3C70207374796C653D226D617267696E2D6C6566743A30636D3B206D617267696E2D72696768743A30636D223E266E6273703B266E6273703B266E6273703B266E6273703B266E6273703B266E6273703B266E6273703B266E6273703B266E6273703B266E6273703B266E6273703B266E6273703B266E6273703B266E6273703B266E6273703B266E6273703B266E6273703B266E6273703B266E6273703B206A2B2B3B3C2F703E0D0A0D0A3C70207374796C653D226D617267696E2D6C6566743A30636D3B206D617267696E2D72696768743A30636D223E266E6273703B266E6273703B266E6273703B266E6273703B266E6273703B266E6273703B266E6273703B266E6273703B266E6273703B266E6273703B266E6273703B266E6273703B266E6273703B266E6273703B266E6273703B207D3C2F703E0D0A0D0A3C70207374796C653D226D617267696E2D6C6566743A30636D3B206D617267696E2D72696768743A30636D223E266E6273703B266E6273703B266E6273703B266E6273703B266E6273703B266E6273703B266E6273703B266E6273703B266E6273703B266E6273703B266E6273703B207D3C2F703E0D0A0D0A3C70207374796C653D226D617267696E2D6C6566743A30636D3B206D617267696E2D72696768743A30636D223E266E6273703B266E6273703B266E6273703B266E6273703B266E6273703B266E6273703B266E6273703B207D3C2F703E0D0A0D0A3C70207374796C653D226D617267696E2D6C6566743A30636D3B206D617267696E2D72696768743A30636D223E266E6273703B266E6273703B266E6273703B207D3C2F703E0D0A0D0A3C70207374796C653D226D617267696E2D6C6566743A30636D3B206D617267696E2D72696768743A30636D223E7D266E6273703B266E6273703B266E6273703B202F2FE68C89E58897E5BA8FE98092E5A29EE8BDACE7BDAE3C2F703E0D0A0D0A3C70207374796C653D226D617267696E2D6C6566743A30636D3B206D617267696E2D72696768743A30636D223E266E6273703B3C2F703E0D0A0D0A3C70207374796C653D226D617267696E2D6C6566743A30636D3B206D617267696E2D72696768743A30636D223E2F2FE4B880E6ACA1E5AE9AE4BD8DE5BFABE9809FE8BDACE7BDAE3C2F703E0D0A0D0A3C70207374796C653D226D617267696E2D6C6566743A30636D3B206D617267696E2D72696768743A30636D223E766F696420466173745472616E706F736554534D61747269782854534D617472697820412C2054534D6174726978202A42297B3C2F703E0D0A0D0A3C70207374796C653D226D617267696E2D6C6566743A30636D3B206D617267696E2D72696768743A30636D223E266E6273703B266E6273703B266E6273703B20696E7420636F6C2C20742C20702C20713B3C2F703E0D0A0D0A3C70207374796C653D226D617267696E2D6C6566743A30636D3B206D617267696E2D72696768743A30636D223E266E6273703B266E6273703B266E6273703B20696E74206E756D5B4D4158535D2C266E6273703B20706F736974696F6E5B4D4158535D3B3C2F703E0D0A0D0A3C70207374796C653D226D617267696E2D6C6566743A30636D3B206D617267696E2D72696768743A30636D223E266E6273703B266E6273703B266E6273703B20422D2667743B6C656E203D20412E6C656E3B3C2F703E0D0A0D0A3C70207374796C653D226D617267696E2D6C6566743A30636D3B206D617267696E2D72696768743A30636D223E266E6273703B266E6273703B266E6273703B20422D2667743B6D203D20412E6D3B3C2F703E0D0A0D0A3C70207374796C653D226D617267696E2D6C6566743A30636D3B206D617267696E2D72696768743A30636D223E266E6273703B266E6273703B266E6273703B20422D2667743B6E203D20412E6E3B3C2F703E0D0A0D0A3C70207374796C653D226D617267696E2D6C6566743A30636D3B206D617267696E2D72696768743A30636D223E266E6273703B3C2F703E0D0A0D0A3C70207374796C653D226D617267696E2D6C6566743A30636D3B206D617267696E2D72696768743A30636D223E266E6273703B266E6273703B266E6273703B20696628422D2667743B6C656E293C2F703E0D0A0D0A3C70207374796C653D226D617267696E2D6C6566743A30636D3B206D617267696E2D72696768743A30636D223E266E6273703B266E6273703B266E6273703B207B3C2F703E0D0A0D0A3C70207374796C653D226D617267696E2D6C6566743A30636D3B206D617267696E2D72696768743A30636D223E266E6273703B266E6273703B266E6273703B266E6273703B266E6273703B266E6273703B266E6273703B20666F7228636F6C203D20313B20636F6C20266C743B3D20412E6E3B20636F6C2B2B293C2F703E0D0A0D0A3C70207374796C653D226D617267696E2D6C6566743A30636D3B206D617267696E2D72696768743A30636D223E266E6273703B266E6273703B266E6273703B266E6273703B266E6273703B266E6273703B266E6273703B266E6273703B266E6273703B266E6273703B266E6273703B206E756D5B636F6C5D203D20303B3C2F703E0D0A0D0A3C70207374796C653D226D617267696E2D6C6566743A30636D3B206D617267696E2D72696768743A30636D223E266E6273703B266E6273703B266E6273703B266E6273703B266E6273703B266E6273703B266E6273703B20666F722874203D20313B207420266C743B3D20412E6C656E3B20742B2B293C2F703E0D0A0D0A3C70207374796C653D226D617267696E2D6C6566743A30636D3B206D617267696E2D72696768743A30636D223E266E6273703B266E6273703B266E6273703B266E6273703B266E6273703B266E6273703B266E6273703B266E6273703B266E6273703B266E6273703B266E6273703B206E756D5B412E646174615B745D2E636F6C5D2B2B3B3C2F703E0D0A0D0A3C70207374796C653D226D617267696E2D6C6566743A30636D3B206D617267696E2D72696768743A30636D223E266E6273703B266E6273703B266E6273703B266E6273703B266E6273703B266E6273703B266E6273703B20706F736974696F6E5B315D203D20313B3C2F703E0D0A0D0A3C70207374796C653D226D617267696E2D6C6566743A30636D3B206D617267696E2D72696768743A30636D223E266E6273703B266E6273703B266E6273703B266E6273703B266E6273703B266E6273703B266E6273703B20666F7228636F6C203D20323B20636F6C20266C743B3D20412E6E3B20636F6C2B2B293C2F703E0D0A0D0A3C70207374796C653D226D617267696E2D6C6566743A30636D3B206D617267696E2D72696768743A30636D223E266E6273703B266E6273703B266E6273703B266E6273703B266E6273703B266E6273703B266E6273703B266E6273703B266E6273703B266E6273703B266E6273703B20706F736974696F6E5B636F6C5D203D20706F736974696F6E5B636F6C2D315D202B206E756D5B636F6C2D315D3B3C2F703E0D0A0D0A3C70207374796C653D226D617267696E2D6C6566743A30636D3B206D617267696E2D72696768743A30636D223E266E6273703B266E6273703B266E6273703B266E6273703B266E6273703B266E6273703B266E6273703B20666F722870203D20313B207020266C743B3D20412E6C656E3B20702B2B293C2F703E0D0A0D0A3C70207374796C653D226D617267696E2D6C6566743A30636D3B206D617267696E2D72696768743A30636D223E266E6273703B266E6273703B266E6273703B266E6273703B266E6273703B266E6273703B266E6273703B207B3C2F703E0D0A0D0A3C70207374796C653D226D617267696E2D6C6566743A30636D3B206D617267696E2D72696768743A30636D223E266E6273703B266E6273703B266E6273703B266E6273703B266E6273703B266E6273703B266E6273703B266E6273703B266E6273703B266E6273703B266E6273703B20636F6C203D20412E646174615B705D2E636F6C3B3C2F703E0D0A0D0A3C70207374796C653D226D617267696E2D6C6566743A30636D3B206D617267696E2D72696768743A30636D223E266E6273703B266E6273703B266E6273703B266E6273703B266E6273703B266E6273703B266E6273703B266E6273703B266E6273703B266E6273703B266E6273703B2071203D20706F736974696F6E5B636F6C5D3B3C2F703E0D0A0D0A3C70207374796C653D226D617267696E2D6C6566743A30636D3B206D617267696E2D72696768743A30636D223E266E6273703B266E6273703B266E6273703B266E6273703B266E6273703B266E6273703B266E6273703B266E6273703B266E6273703B266E6273703B266E6273703B20422D2667743B646174615B715D2E726F77203D20412E646174615B705D2E636F6C3B3C2F703E0D0A0D0A3C70207374796C653D226D617267696E2D6C6566743A30636D3B206D617267696E2D72696768743A30636D223E266E6273703B266E6273703B266E6273703B266E6273703B266E6273703B266E6273703B266E6273703B266E6273703B266E6273703B266E6273703B266E6273703B20422D2667743B646174615B715D2E636F6C203D20412E646174615B705D2E726F773B3C2F703E0D0A0D0A3C70207374796C653D226D617267696E2D6C6566743A30636D3B206D617267696E2D72696768743A30636D223E266E6273703B266E6273703B266E6273703B266E6273703B266E6273703B266E6273703B266E6273703B266E6273703B266E6273703B266E6273703B266E6273703B20422D2667743B646174615B715D2E65203D20412E646174615B705D2E653B3C2F703E0D0A0D0A3C70207374796C653D226D617267696E2D6C6566743A30636D3B206D617267696E2D72696768743A30636D223E266E6273703B266E6273703B266E6273703B266E6273703B266E6273703B266E6273703B266E6273703B266E6273703B266E6273703B266E6273703B266E6273703B20706F736974696F6E5B636F6C5D2B2B3B3C2F703E0D0A0D0A3C70207374796C653D226D617267696E2D6C6566743A30636D3B206D617267696E2D72696768743A30636D223E266E6273703B266E6273703B266E6273703B266E6273703B266E6273703B266E6273703B266E6273703B207D3C2F703E0D0A0D0A3C70207374796C653D226D617267696E2D6C6566743A30636D3B206D617267696E2D72696768743A30636D223E266E6273703B266E6273703B266E6273703B207D3C2F703E0D0A0D0A3C70207374796C653D226D617267696E2D6C6566743A30636D3B206D617267696E2D72696768743A30636D223E7D266E6273703B266E6273703B266E6273703B202F2FE5BFABE9809FE8BDACE7BDAEE6B3953C2F703E0D0A0D0A3C70207374796C653D226D617267696E2D6C6566743A30636D3B206D617267696E2D72696768743A30636D223E266E6273703B3C2F703E0D0A0D0A3C70207374796C653D226D617267696E2D6C6566743A30636D3B206D617267696E2D72696768743A30636D223E266E6273703B3C2F703E0D0A0D0A3C70207374796C653D226D617267696E2D6C6566743A30636D3B206D617267696E2D72696768743A30636D223E696E74206D61696E28766F6964293C2F703E0D0A0D0A3C70207374796C653D226D617267696E2D6C6566743A30636D3B206D617267696E2D72696768743A30636D223E7B3C2F703E0D0A0D0A3C70207374796C653D226D617267696E2D6C6566743A30636D3B206D617267696E2D72696768743A30636D223E266E6273703B266E6273703B266E6273703B2054534D617472697820413B3C2F703E0D0A0D0A3C70207374796C653D226D617267696E2D6C6566743A30636D3B206D617267696E2D72696768743A30636D223E266E6273703B266E6273703B266E6273703B2054534D617472697820423B3C2F703E0D0A0D0A3C70207374796C653D226D617267696E2D6C6566743A30636D3B206D617267696E2D72696768743A30636D223E266E6273703B266E6273703B266E6273703B20696E7420615B525D5B435D2C2069203D20313B3C2F703E0D0A0D0A3C70207374796C653D226D617267696E2D6C6566743A30636D3B206D617267696E2D72696768743A30636D223E266E6273703B3C2F703E0D0A0D0A3C70207374796C653D226D617267696E2D6C6566743A30636D3B206D617267696E2D72696768743A30636D223E266E6273703B266E6273703B266E6273703B207768696C652869297B3C2F703E0D0A0D0A3C70207374796C653D226D617267696E2D6C6566743A30636D3B206D617267696E2D72696768743A30636D223E266E6273703B266E6273703B266E6273703B266E6273703B266E6273703B266E6273703B266E6273703B2063726561746528412C20612C2042293B3C2F703E0D0A0D0A3C70207374796C653D226D617267696E2D6C6566743A30636D3B206D617267696E2D72696768743A30636D223E266E6273703B266E6273703B266E6273703B207D3C2F703E0D0A0D0A3C70207374796C653D226D617267696E2D6C6566743A30636D3B206D617267696E2D72696768743A30636D223E266E6273703B3C2F703E0D0A0D0A3C70207374796C653D226D617267696E2D6C6566743A30636D3B206D617267696E2D72696768743A30636D223E266E6273703B266E6273703B266E6273703B2072657475726E20303B3C2F703E0D0A0D0A3C70207374796C653D226D617267696E2D6C6566743A30636D3B206D617267696E2D72696768743A30636D223E7D3C2F703E0D0A0D0A3C70207374796C653D226D617267696E2D6C6566743A30636D3B206D617267696E2D72696768743A30636D223E3C696D6720616C743D22E8AFB4E6988E3A20433A5C55736572735C6378715C446F63756D656E74735C54656E63656E742046696C65735C313938363534313439355C46696C65526563765C4D6F62696C6546696C655C496D6167655C362950545925375D285A4D5533344142435653417E46592E706E6722207372633D2266696C653A2F2F2F433A5C55736572735C6378715C417070446174615C4C6F63616C5C54656D705C6D736F68746D6C636C6970315C30315C636C69705F696D6167653030322E6A706722207374796C653D226865696768743A32303070783B2077696474683A323030707822202F3E3C696D6720616C743D22E8AFB4E6988E3A20433A5C55736572735C6378715C446F63756D656E74735C54656E63656E742046696C65735C313938363534313439355C46696C65526563765C4D6F62696C6546696C655C496D6167655C5039515933422555254441545247505F4A367E525A28442E706E6722207372633D2266696C653A2F2F2F433A5C55736572735C6378715C417070446174615C4C6F63616C5C54656D705C6D736F68746D6C636C6970315C30315C636C69705F696D6167653030342E6A706722207374796C653D226865696768743A32313970783B2077696474683A343435707822202F3E3C2F703E0D0A0D0A3C70207374796C653D226D617267696E2D6C6566743A30636D3B206D617267696E2D72696768743A30636D223E266E6273703B3C2F703E0D0A0D0A3C70207374796C653D226D617267696E2D6C6566743A30636D3B206D617267696E2D72696768743A30636D223E3C7374726F6E673EE59B9BE38081E5AE9EE9AA8CE7BB93E69E9CE58886E69E90EFBC9A3C2F7374726F6E673E3C2F703E0D0A0D0A3C70207374796C653D226D617267696E2D6C6566743A30636D3B206D617267696E2D72696768743A30636D223EE5AFB9E4BA8EE5BA8FE98092E5A29EE8BDACE7BDAEE7AE97E6B395EFBC8CE585B6E4B8BBE8A681E698AFE59CA8E58F8CE5B182E5BEAAE78EAFE4B8ADEFBC8CE585B6E697B6E997B4E5A48DE69D82E5BAA6E4B8BA4F28412E6E2A412E6C656E29E38082E69C80E59D8FE79A84E68385E586B5E4B8BAEFBC9AE4BD86412E6C656E203D412E6D2A412E6EE697B6EFBC8CE697B6E997B4E5A48DE69D82E5BAA6E4B8BA4F28412E6D2A412E6E5E3229E59BA0E6ADA4EFBC8CE4B889E58583E7BB84E8A1A8E7A4BAE6B395E4BB85E98082E59088E794A8E4BA8EE7A880E7968FE79FA9E998B5E38082E5AFB9E4BA8EE4B880E6ACA1E5AE9AE4BD8DE5BFABE9809FE8BDACE7BDAEE6B395E79A84E697B6E997B4E5A48DE69D82E5BAA6E4B8BA4F28412E6D2B412E6E29EFBC8CE4BD86E79FA9E998B5E4B8ADE99D9EE99BB6E58583E7B4A0E68EA5E8BF91412E6E2A412E6DE697B6EFBC8CE585B6E697B6E997B4E5A48DE69D82E5BAA6E68EA5E8BF91E4BA8E4F28412E6D2A412E6E293C2F703E0D0A0D0A3C70207374796C653D226D617267696E2D6C6566743A30636D3B206D617267696E2D72696768743A30636D223E266E6273703B3C2F703E, '2018-05-13 14:07:34', '2018-05-13 14:08:59', '1', '5');

-- ----------------------------
-- Table structure for `blog_blogtype`
-- ----------------------------
DROP TABLE IF EXISTS `blog_blogtype`;
CREATE TABLE `blog_blogtype` (
  `id` int(11) NOT NULL AUTO_INCREMENT,
  `type_name` varchar(15) COLLATE utf8_bin NOT NULL,
  PRIMARY KEY (`id`)
) ENGINE=InnoDB AUTO_INCREMENT=6 DEFAULT CHARSET=utf8 COLLATE=utf8_bin;

-- ----------------------------
-- Records of blog_blogtype
-- ----------------------------
INSERT INTO `blog_blogtype` VALUES ('1', 'django');
INSERT INTO `blog_blogtype` VALUES ('2', '随笔');
INSERT INTO `blog_blogtype` VALUES ('3', '感悟');
INSERT INTO `blog_blogtype` VALUES ('5', '数据结构');

-- ----------------------------
-- Table structure for `comment_comment`
-- ----------------------------
DROP TABLE IF EXISTS `comment_comment`;
CREATE TABLE `comment_comment` (
  `id` int(11) NOT NULL AUTO_INCREMENT,
  `object_id` int(10) unsigned NOT NULL,
  `text` longtext COLLATE utf8_bin NOT NULL,
  `comment_time` datetime NOT NULL,
  `content_type_id` int(11) NOT NULL,
  `parent_id` int(11) DEFAULT NULL,
  `reply_to_id` int(11) DEFAULT NULL,
  `root_id` int(11) DEFAULT NULL,
  `user_id` int(11) NOT NULL,
  PRIMARY KEY (`id`),
  KEY `comment_comment_content_type_id_fbfb9793_fk_django_co` (`content_type_id`),
  KEY `comment_comment_parent_id_b612524c_fk_comment_comment_id` (`parent_id`),
  KEY `comment_comment_reply_to_id_e0adcef8_fk_auth_user_id` (`reply_to_id`),
  KEY `comment_comment_root_id_28721811_fk_comment_comment_id` (`root_id`),
  KEY `comment_comment_user_id_6078e57b_fk_auth_user_id` (`user_id`),
  CONSTRAINT `comment_comment_content_type_id_fbfb9793_fk_django_co` FOREIGN KEY (`content_type_id`) REFERENCES `django_content_type` (`id`),
  CONSTRAINT `comment_comment_parent_id_b612524c_fk_comment_comment_id` FOREIGN KEY (`parent_id`) REFERENCES `comment_comment` (`id`),
  CONSTRAINT `comment_comment_reply_to_id_e0adcef8_fk_auth_user_id` FOREIGN KEY (`reply_to_id`) REFERENCES `auth_user` (`id`),
  CONSTRAINT `comment_comment_root_id_28721811_fk_comment_comment_id` FOREIGN KEY (`root_id`) REFERENCES `comment_comment` (`id`),
  CONSTRAINT `comment_comment_user_id_6078e57b_fk_auth_user_id` FOREIGN KEY (`user_id`) REFERENCES `auth_user` (`id`)
) ENGINE=InnoDB AUTO_INCREMENT=75 DEFAULT CHARSET=utf8 COLLATE=utf8_bin;

-- ----------------------------
-- Records of comment_comment
-- ----------------------------
INSERT INTO `comment_comment` VALUES ('1', '36', 0x7171, '2018-05-26 08:10:02', '8', null, null, null, '1');
INSERT INTO `comment_comment` VALUES ('2', '35', 0x313233, '2018-05-30 08:09:20', '8', null, null, null, '1');
INSERT INTO `comment_comment` VALUES ('3', '35', 0x313233, '2018-05-30 08:09:43', '8', null, null, null, '1');
INSERT INTO `comment_comment` VALUES ('4', '35', 0x313233, '2018-05-30 08:10:16', '8', null, null, null, '1');
INSERT INTO `comment_comment` VALUES ('5', '35', 0x3132, '2018-05-30 08:10:19', '8', null, null, null, '1');
INSERT INTO `comment_comment` VALUES ('6', '35', 0x3474, '2018-05-30 08:31:32', '8', null, null, null, '1');
INSERT INTO `comment_comment` VALUES ('7', '35', '', '2018-05-30 08:31:56', '8', null, null, null, '1');
INSERT INTO `comment_comment` VALUES ('8', '32', 0x646464, '2018-05-30 12:12:50', '8', null, null, null, '1');
INSERT INTO `comment_comment` VALUES ('9', '35', 0x31353737, '2018-06-06 14:14:55', '8', null, null, null, '1');
INSERT INTO `comment_comment` VALUES ('10', '35', 0xE9A1B6E9A1B6E9A1B6E9A1B6, '2018-06-27 12:23:08', '8', null, null, null, '1');
INSERT INTO `comment_comment` VALUES ('11', '35', 0x65656565, '2018-06-28 08:09:12', '8', null, null, null, '1');
INSERT INTO `comment_comment` VALUES ('12', '35', 0xE59183E59183E591830D0A65, '2018-06-30 01:20:47', '8', null, null, null, '1');
INSERT INTO `comment_comment` VALUES ('13', '34', 0x727267657267, '2018-06-30 01:36:52', '8', null, null, null, '1');
INSERT INTO `comment_comment` VALUES ('14', '33', 0x77777777, '2018-06-30 02:25:05', '8', null, null, null, '1');
INSERT INTO `comment_comment` VALUES ('15', '33', 0x656565, '2018-06-30 02:25:08', '8', null, null, null, '1');
INSERT INTO `comment_comment` VALUES ('16', '36', 0x3C703E3C696D6720616C743D2273616422207372633D22687474703A2F2F3132372E302E302E313A383030302F7374617469632F636B656469746F722F636B656469746F722F706C7567696E732F736D696C65792F696D616765732F7361645F736D696C652E706E6722207374796C653D226865696768743A323370783B2077696474683A3233707822207469746C653D2273616422202F3E3C2F703E, '2018-06-30 06:10:36', '8', null, null, null, '1');
INSERT INTO `comment_comment` VALUES ('17', '2', 0x3C703E67686A3C2F703E, '2018-06-30 06:22:16', '8', null, null, null, '1');
INSERT INTO `comment_comment` VALUES ('18', '33', 0x3C703E797979793C2F703E, '2018-06-30 06:22:30', '8', null, null, null, '1');
INSERT INTO `comment_comment` VALUES ('19', '32', 0x3C703E6572723C2F703E, '2018-06-30 06:32:05', '8', null, null, null, '1');
INSERT INTO `comment_comment` VALUES ('20', '32', 0x3C703E33333C2F703E, '2018-06-30 07:04:43', '8', null, null, null, '1');
INSERT INTO `comment_comment` VALUES ('21', '32', 0x3C703E33333C2F703E, '2018-06-30 07:04:47', '8', null, null, null, '1');
INSERT INTO `comment_comment` VALUES ('22', '32', 0x3C703E33333C2F703E, '2018-06-30 07:04:47', '8', null, null, null, '1');
INSERT INTO `comment_comment` VALUES ('23', '32', 0x3C703E33333C2F703E, '2018-06-30 07:04:47', '8', null, null, null, '1');
INSERT INTO `comment_comment` VALUES ('24', '32', 0x3C703E33333C2F703E, '2018-06-30 07:04:48', '8', null, null, null, '1');
INSERT INTO `comment_comment` VALUES ('25', '32', 0x3C703E33333C2F703E, '2018-06-30 07:04:48', '8', null, null, null, '1');
INSERT INTO `comment_comment` VALUES ('26', '32', 0x3C703E33333C2F703E, '2018-06-30 07:05:21', '8', null, null, null, '1');
INSERT INTO `comment_comment` VALUES ('27', '33', 0x3C703E68683C2F703E, '2018-06-30 07:05:38', '8', null, null, null, '1');
INSERT INTO `comment_comment` VALUES ('28', '33', 0x3C703E68683C2F703E, '2018-06-30 07:05:38', '8', null, null, null, '1');
INSERT INTO `comment_comment` VALUES ('29', '33', 0x3C703E68683C2F703E, '2018-06-30 07:05:44', '8', null, null, null, '1');
INSERT INTO `comment_comment` VALUES ('30', '33', 0x3C703E683C2F703E, '2018-06-30 07:05:52', '8', null, null, null, '1');
INSERT INTO `comment_comment` VALUES ('31', '33', 0x3C703E683C2F703E, '2018-06-30 07:05:53', '8', null, null, null, '1');
INSERT INTO `comment_comment` VALUES ('32', '33', 0x3C703E683C2F703E, '2018-06-30 07:07:53', '8', null, null, null, '1');
INSERT INTO `comment_comment` VALUES ('33', '33', 0x3C703E36383C2F703E, '2018-06-30 07:08:49', '8', null, null, null, '1');
INSERT INTO `comment_comment` VALUES ('34', '35', 0x3C703EE5AFB9E79A84E5A49A3C2F703E, '2018-06-30 07:51:45', '8', null, null, null, '1');
INSERT INTO `comment_comment` VALUES ('35', '35', 0x3C703EE5AFB9E79A84E5A49A3C2F703E, '2018-06-30 07:52:57', '8', null, null, null, '1');
INSERT INTO `comment_comment` VALUES ('36', '35', 0x3C703EE694BEE69DBEE694BEE69DBE3C2F703E0D0A0D0A3C703E266E6273703B3C2F703E, '2018-06-30 07:53:06', '8', null, null, null, '1');
INSERT INTO `comment_comment` VALUES ('37', '35', 0x3C703EE694BEE69DBEE694BEE69DBE3C2F703E0D0A0D0A3C703E266E6273703B3C2F703E, '2018-06-30 08:03:11', '8', null, null, null, '1');
INSERT INTO `comment_comment` VALUES ('38', '35', 0x3C703E3232323C2F703E, '2018-06-30 08:36:01', '8', null, null, null, '1');
INSERT INTO `comment_comment` VALUES ('39', '35', 0x3C703E3232323C696D6720616C743D22616E67727922206865696768743D22323322207372633D22687474703A2F2F3132372E302E302E313A383030302F7374617469632F636B656469746F722F636B656469746F722F706C7567696E732F736D696C65792F696D616765732F616E6772795F736D696C652E706E6722207469746C653D22616E677279222077696474683D22323322202F3E3C2F703E, '2018-06-30 08:37:03', '8', null, null, null, '1');
INSERT INTO `comment_comment` VALUES ('40', '36', 0x3C703EE6BB9AE6BB9AE6BB9A3C2F703E, '2018-06-30 08:38:02', '8', null, null, null, '1');
INSERT INTO `comment_comment` VALUES ('41', '36', 0x3C703EE6BB9AE6BB9AE6BB9A3C2F703E, '2018-06-30 08:38:49', '8', null, null, null, '1');
INSERT INTO `comment_comment` VALUES ('42', '36', 0x3C703EE6BB9AE6BB9AE6BB9A3C2F703E, '2018-06-30 08:39:41', '8', null, null, null, '1');
INSERT INTO `comment_comment` VALUES ('43', '36', 0x3C703EE6BB9AE6BB9AE6BB9A3C2F703E, '2018-06-30 08:39:44', '8', null, null, null, '1');
INSERT INTO `comment_comment` VALUES ('44', '36', 0x3C703EE6BB9AE6BB9AE6BB9A3C2F703E, '2018-06-30 08:40:33', '8', null, null, null, '1');
INSERT INTO `comment_comment` VALUES ('45', '36', 0x3C703EE5AFB9E79A84E5A49A3C2F703E, '2018-06-30 08:40:38', '8', null, null, null, '1');
INSERT INTO `comment_comment` VALUES ('46', '36', 0x3C703EE4BD86E698AF3C2F703E, '2018-06-30 08:40:42', '8', null, null, null, '1');
INSERT INTO `comment_comment` VALUES ('47', '36', 0x3C703E3C696D6720616C743D2277696E6B22206865696768743D22323322207372633D22687474703A2F2F3132372E302E302E313A383030302F7374617469632F636B656469746F722F636B656469746F722F706C7567696E732F736D696C65792F696D616765732F77696E6B5F736D696C652E706E6722207469746C653D2277696E6B222077696474683D22323322202F3E313C2F703E, '2018-06-30 08:45:53', '8', null, null, null, '1');
INSERT INTO `comment_comment` VALUES ('48', '30', 0x3C703EE7AD89E7AD893C2F703E, '2018-06-30 08:50:58', '8', null, null, null, '1');
INSERT INTO `comment_comment` VALUES ('49', '33', 0x3C703E32326664733C2F703E, '2018-07-02 10:14:33', '8', null, null, null, '1');
INSERT INTO `comment_comment` VALUES ('50', '31', 0x3C703E3C696D6720616C743D2277696E6B22206865696768743D22323322207372633D22687474703A2F2F3132372E302E302E313A383030302F7374617469632F636B656469746F722F636B656469746F722F706C7567696E732F736D696C65792F696D616765732F77696E6B5F736D696C652E706E6722207469746C653D2277696E6B222077696474683D22323322202F3E3C696D6720616C743D2277696E6B22206865696768743D22323322207372633D22687474703A2F2F3132372E302E302E313A383030302F7374617469632F636B656469746F722F636B656469746F722F706C7567696E732F736D696C65792F696D616765732F77696E6B5F736D696C652E706E6722207469746C653D2277696E6B222077696474683D22323322202F3E3C2F703E, '2018-07-02 10:16:06', '8', null, null, null, '3');
INSERT INTO `comment_comment` VALUES ('51', '31', 0x3C703E266575726F3B3C696D6720616C743D22616E67727922206865696768743D22323322207372633D22687474703A2F2F3132372E302E302E313A383030302F7374617469632F636B656469746F722F636B656469746F722F706C7567696E732F736D696C65792F696D616765732F616E6772795F736D696C652E706E6722207469746C653D22616E677279222077696474683D22323322202F3E3C2F703E, '2018-07-02 10:16:13', '8', null, null, null, '3');
INSERT INTO `comment_comment` VALUES ('52', '31', 0x3C703E3C696D6720616C743D22636F6F6C22206865696768743D22323322207372633D22687474703A2F2F3132372E302E302E313A383030302F7374617469632F636B656469746F722F636B656469746F722F706C7567696E732F736D696C65792F696D616765732F7368616465735F736D696C652E706E6722207469746C653D22636F6F6C222077696474683D22323322202F3E3C2F703E, '2018-07-02 10:16:18', '8', null, null, null, '3');
INSERT INTO `comment_comment` VALUES ('53', '33', 0x3C703E71713C2F703E, '2018-07-02 10:24:11', '8', null, null, null, '1');
INSERT INTO `comment_comment` VALUES ('54', '33', 0x3C703E6673613C2F703E, '2018-07-02 10:24:33', '8', null, null, null, '1');
INSERT INTO `comment_comment` VALUES ('55', '33', 0x3C703E7366613C2F703E, '2018-07-02 10:24:36', '8', null, null, null, '1');
INSERT INTO `comment_comment` VALUES ('56', '1', 0x313233, '2018-07-03 06:22:31', '8', null, null, null, '2');
INSERT INTO `comment_comment` VALUES ('57', '33', 0x3C703E3C696D6720616C743D2273616422206865696768743D22323322207372633D22687474703A2F2F3132372E302E302E313A383030302F7374617469632F636B656469746F722F636B656469746F722F706C7567696E732F736D696C65792F696D616765732F7361645F736D696C652E706E6722207469746C653D22736164222077696474683D22323322202F3E3C2F703E, '2018-07-03 07:23:06', '8', null, null, null, '1');
INSERT INTO `comment_comment` VALUES ('58', '33', 0x3C703E3C696D6720616C743D2266726F776E22206865696768743D22323322207372633D22687474703A2F2F3132372E302E302E313A383030302F7374617469632F636B656469746F722F636B656469746F722F706C7567696E732F736D696C65792F696D616765732F636F6E66757365645F736D696C652E706E6722207469746C653D2266726F776E222077696474683D22323322202F3E3C2F703E, '2018-07-03 10:00:09', '8', null, null, null, '1');
INSERT INTO `comment_comment` VALUES ('59', '33', 0x3C703E3434343C2F703E, '2018-07-03 10:00:13', '8', null, null, null, '1');
INSERT INTO `comment_comment` VALUES ('60', '31', 0x3C703EE58EBB3C2F703E, '2018-07-04 08:28:53', '8', null, null, null, '1');
INSERT INTO `comment_comment` VALUES ('61', '31', 0x3C703E51513C2F703E, '2018-07-04 08:28:57', '8', null, null, null, '1');
INSERT INTO `comment_comment` VALUES ('62', '32', 0x3C703EE4BD86E698AF3C2F703E, '2018-07-04 08:30:16', '8', null, null, null, '1');
INSERT INTO `comment_comment` VALUES ('63', '2', 0x3C703E7274743C2F703E, '2018-07-05 06:00:35', '8', null, null, null, '1');
INSERT INTO `comment_comment` VALUES ('64', '2', 0x3C703E6565653C2F703E, '2018-07-05 06:03:50', '8', '63', '1', '63', '1');
INSERT INTO `comment_comment` VALUES ('65', '35', 0x3C703E797979793C2F703E, '2018-07-05 06:06:29', '8', '39', '1', '39', '1');
INSERT INTO `comment_comment` VALUES ('66', '31', 0x3C703E6464643C2F703E, '2018-07-05 08:01:06', '8', null, null, null, '1');
INSERT INTO `comment_comment` VALUES ('67', '31', 0x3C703E6464643C2F703E, '2018-07-05 08:01:09', '8', '66', '1', '66', '1');
INSERT INTO `comment_comment` VALUES ('68', '35', 0x3C703E333333333C2F703E, '2018-07-09 01:55:12', '8', null, null, null, '1');
INSERT INTO `comment_comment` VALUES ('69', '35', 0x3C703E33333C2F703E, '2018-07-09 01:55:15', '8', '65', '1', '39', '1');
INSERT INTO `comment_comment` VALUES ('70', '33', 0x3C703E3C696D6720616C743D226C6175676822206865696768743D22323322207372633D22687474703A2F2F3132372E302E302E313A383030322F7374617469632F636B656469746F722F636B656469746F722F706C7567696E732F736D696C65792F696D616765732F74656574685F736D696C652E706E6722207469746C653D226C61756768222077696474683D22323322202F3E3C2F703E, '2018-07-09 02:01:41', '8', '58', '1', '58', '1');
INSERT INTO `comment_comment` VALUES ('71', '35', 0x3C703EE5AFB9E79A84E5A49A3C2F703E, '2018-07-09 07:25:55', '8', null, null, null, '1');
INSERT INTO `comment_comment` VALUES ('72', '33', 0x3C703E38383C2F703E, '2018-07-09 08:19:54', '8', '59', '1', '59', '1');
INSERT INTO `comment_comment` VALUES ('73', '35', 0x3C703E65653C2F703E, '2018-07-09 08:24:51', '8', '71', '1', '71', '1');
INSERT INTO `comment_comment` VALUES ('74', '35', 0x3C703E73733C2F703E, '2018-07-10 02:55:18', '8', null, null, null, '1');

-- ----------------------------
-- Table structure for `django_admin_log`
-- ----------------------------
DROP TABLE IF EXISTS `django_admin_log`;
CREATE TABLE `django_admin_log` (
  `id` int(11) NOT NULL AUTO_INCREMENT,
  `action_time` datetime NOT NULL,
  `object_id` longtext COLLATE utf8_bin,
  `object_repr` varchar(200) COLLATE utf8_bin NOT NULL,
  `action_flag` smallint(5) unsigned NOT NULL,
  `change_message` longtext COLLATE utf8_bin NOT NULL,
  `content_type_id` int(11) DEFAULT NULL,
  `user_id` int(11) NOT NULL,
  PRIMARY KEY (`id`),
  KEY `django_admin_log_content_type_id_c4bce8eb_fk_django_co` (`content_type_id`),
  KEY `django_admin_log_user_id_c564eba6_fk` (`user_id`),
  CONSTRAINT `django_admin_log_content_type_id_c4bce8eb_fk_django_co` FOREIGN KEY (`content_type_id`) REFERENCES `django_content_type` (`id`),
  CONSTRAINT `django_admin_log_user_id_c564eba6_fk` FOREIGN KEY (`user_id`) REFERENCES `auth_user` (`id`)
) ENGINE=InnoDB AUTO_INCREMENT=31 DEFAULT CHARSET=utf8 COLLATE=utf8_bin;

-- ----------------------------
-- Records of django_admin_log
-- ----------------------------
INSERT INTO `django_admin_log` VALUES ('1', '2018-04-18 12:46:56', 0x31, 'BlogType object (1)', '1', 0x5B7B226164646564223A207B7D7D5D, '7', '1');
INSERT INTO `django_admin_log` VALUES ('2', '2018-04-18 12:47:10', 0x32, 'BlogType object (2)', '1', 0x5B7B226164646564223A207B7D7D5D, '7', '1');
INSERT INTO `django_admin_log` VALUES ('3', '2018-04-18 12:47:17', 0x33, 'BlogType object (3)', '1', 0x5B7B226164646564223A207B7D7D5D, '7', '1');
INSERT INTO `django_admin_log` VALUES ('4', '2018-04-18 12:51:03', 0x31, '<Blog: 第一篇博客>', '1', 0x5B7B226164646564223A207B7D7D5D, '8', '1');
INSERT INTO `django_admin_log` VALUES ('5', '2018-04-21 08:07:57', 0x32, '<Blog: 第二篇>', '1', 0x5B7B226164646564223A207B7D7D5D, '8', '1');
INSERT INTO `django_admin_log` VALUES ('6', '2018-04-21 08:11:31', 0x31, '<Blog: 第一篇博客>', '2', 0x5B7B226368616E676564223A207B226669656C6473223A205B22636F6E74656E74225D7D7D5D, '8', '1');
INSERT INTO `django_admin_log` VALUES ('7', '2018-04-21 08:12:43', 0x32, '<Blog: 第二篇>', '2', 0x5B7B226368616E676564223A207B226669656C6473223A205B22636F6E74656E74225D7D7D5D, '8', '1');
INSERT INTO `django_admin_log` VALUES ('8', '2018-04-21 08:14:14', 0x34, '随笔', '1', 0x5B7B226164646564223A207B7D7D5D, '7', '1');
INSERT INTO `django_admin_log` VALUES ('9', '2018-04-21 08:15:11', 0x33, '<Blog: 第三篇>', '1', 0x5B7B226164646564223A207B7D7D5D, '8', '1');
INSERT INTO `django_admin_log` VALUES ('10', '2018-04-22 12:31:25', 0x34, '<Blog: 第四篇>', '1', 0x5B7B226164646564223A207B7D7D5D, '8', '1');
INSERT INTO `django_admin_log` VALUES ('11', '2018-04-29 04:56:19', 0x34, '随笔', '3', '', '7', '1');
INSERT INTO `django_admin_log` VALUES ('12', '2018-05-01 06:45:57', 0x3336, '<Blog: kmp>', '1', 0x5B7B226164646564223A207B7D7D5D, '8', '1');
INSERT INTO `django_admin_log` VALUES ('13', '2018-05-08 12:33:42', 0x34, '<Blog: 第四篇>', '2', 0x5B7B226368616E676564223A207B226669656C6473223A205B22636F6E74656E74225D7D7D5D, '8', '1');
INSERT INTO `django_admin_log` VALUES ('14', '2018-05-08 12:48:47', 0x34, '<Blog: 第四篇>', '2', 0x5B7B226368616E676564223A207B226669656C6473223A205B22636F6E74656E74225D7D7D5D, '8', '1');
INSERT INTO `django_admin_log` VALUES ('15', '2018-05-08 13:15:49', 0x3336, '<Blog: kmp>', '2', 0x5B7B226368616E676564223A207B226669656C6473223A205B22636F6E74656E74225D7D7D5D, '8', '1');
INSERT INTO `django_admin_log` VALUES ('16', '2018-05-08 13:29:30', 0x3337, '<Blog: 图片>', '1', 0x5B7B226164646564223A207B7D7D5D, '8', '1');
INSERT INTO `django_admin_log` VALUES ('17', '2018-05-08 13:30:46', 0x3337, '<Blog: 图片>', '3', '', '8', '1');
INSERT INTO `django_admin_log` VALUES ('18', '2018-05-09 07:45:16', 0x31, 'ReadNum object (1)', '1', 0x5B7B226164646564223A207B7D7D5D, '9', '1');
INSERT INTO `django_admin_log` VALUES ('19', '2018-05-13 14:06:30', 0x35, '数据结构', '1', 0x5B7B226164646564223A207B7D7D5D, '7', '1');
INSERT INTO `django_admin_log` VALUES ('20', '2018-05-13 14:07:34', 0x3337, '<Blog: 稀疏矩阵的简单运算>', '1', 0x5B7B226164646564223A207B7D7D5D, '8', '1');
INSERT INTO `django_admin_log` VALUES ('21', '2018-05-13 14:08:59', 0x3337, '<Blog: 稀疏矩阵的简单运算>', '2', 0x5B7B226368616E676564223A207B226669656C6473223A205B22636F6E74656E74225D7D7D5D, '8', '1');
INSERT INTO `django_admin_log` VALUES ('22', '2018-05-15 01:00:02', 0x31, 'ReadNum object (1)', '1', 0x5B7B226164646564223A207B7D7D5D, '10', '1');
INSERT INTO `django_admin_log` VALUES ('23', '2018-05-21 08:03:29', 0x31, 'ReadDetail object (1)', '1', 0x5B7B226164646564223A207B7D7D5D, '11', '1');
INSERT INTO `django_admin_log` VALUES ('24', '2018-05-26 08:10:02', 0x31, 'Comment object (1)', '1', 0x5B7B226164646564223A207B7D7D5D, '12', '1');
INSERT INTO `django_admin_log` VALUES ('25', '2018-06-30 01:37:33', 0x3334, '<Blog: for 29>', '3', '', '8', '1');
INSERT INTO `django_admin_log` VALUES ('26', '2018-07-03 06:22:31', 0x3536, '123', '1', 0x5B7B226164646564223A207B7D7D5D, '12', '1');
INSERT INTO `django_admin_log` VALUES ('27', '2018-07-10 05:48:26', 0x31, '<Profile:222 for cxq>', '1', 0x5B7B226164646564223A207B7D7D5D, '15', '1');
INSERT INTO `django_admin_log` VALUES ('28', '2018-07-10 08:03:44', 0x31, '<Profile:222 for cxq>', '3', '', '15', '1');
INSERT INTO `django_admin_log` VALUES ('29', '2018-07-10 13:49:56', 0x32, '<Profile:陈相漆 for cxq>', '2', 0x5B7B226368616E676564223A207B226669656C6473223A205B226E69636B6E616D65225D7D7D5D, '15', '1');
INSERT INTO `django_admin_log` VALUES ('30', '2018-07-11 05:27:52', 0x32, '2222', '2', 0x5B7B226368616E676564223A207B226669656C6473223A205B22656D61696C222C20226C6173745F6C6F67696E225D7D7D5D, '4', '1');

-- ----------------------------
-- Table structure for `django_content_type`
-- ----------------------------
DROP TABLE IF EXISTS `django_content_type`;
CREATE TABLE `django_content_type` (
  `id` int(11) NOT NULL AUTO_INCREMENT,
  `app_label` varchar(100) COLLATE utf8_bin NOT NULL,
  `model` varchar(100) COLLATE utf8_bin NOT NULL,
  PRIMARY KEY (`id`),
  UNIQUE KEY `django_content_type_app_label_model_76bd3d3b_uniq` (`app_label`,`model`)
) ENGINE=InnoDB AUTO_INCREMENT=16 DEFAULT CHARSET=utf8 COLLATE=utf8_bin;

-- ----------------------------
-- Records of django_content_type
-- ----------------------------
INSERT INTO `django_content_type` VALUES ('1', 'admin', 'logentry');
INSERT INTO `django_content_type` VALUES ('3', 'auth', 'group');
INSERT INTO `django_content_type` VALUES ('2', 'auth', 'permission');
INSERT INTO `django_content_type` VALUES ('4', 'auth', 'user');
INSERT INTO `django_content_type` VALUES ('8', 'blog', 'blog');
INSERT INTO `django_content_type` VALUES ('7', 'blog', 'blogtype');
INSERT INTO `django_content_type` VALUES ('9', 'blog', 'readnum');
INSERT INTO `django_content_type` VALUES ('12', 'comment', 'comment');
INSERT INTO `django_content_type` VALUES ('5', 'contenttypes', 'contenttype');
INSERT INTO `django_content_type` VALUES ('14', 'likes', 'likecount');
INSERT INTO `django_content_type` VALUES ('13', 'likes', 'likerecord');
INSERT INTO `django_content_type` VALUES ('11', 'read_statistics', 'readdetail');
INSERT INTO `django_content_type` VALUES ('10', 'read_statistics', 'readnum');
INSERT INTO `django_content_type` VALUES ('6', 'sessions', 'session');
INSERT INTO `django_content_type` VALUES ('15', 'user', 'profile');

-- ----------------------------
-- Table structure for `django_migrations`
-- ----------------------------
DROP TABLE IF EXISTS `django_migrations`;
CREATE TABLE `django_migrations` (
  `id` int(11) NOT NULL AUTO_INCREMENT,
  `app` varchar(255) COLLATE utf8_bin NOT NULL,
  `name` varchar(255) COLLATE utf8_bin NOT NULL,
  `applied` datetime NOT NULL,
  PRIMARY KEY (`id`)
) ENGINE=InnoDB AUTO_INCREMENT=31 DEFAULT CHARSET=utf8 COLLATE=utf8_bin;

-- ----------------------------
-- Records of django_migrations
-- ----------------------------
INSERT INTO `django_migrations` VALUES ('1', 'contenttypes', '0001_initial', '2018-11-19 15:10:38');
INSERT INTO `django_migrations` VALUES ('2', 'auth', '0001_initial', '2018-11-19 15:10:39');
INSERT INTO `django_migrations` VALUES ('3', 'admin', '0001_initial', '2018-11-19 15:10:39');
INSERT INTO `django_migrations` VALUES ('4', 'admin', '0002_logentry_remove_auto_add', '2018-11-19 15:10:39');
INSERT INTO `django_migrations` VALUES ('5', 'contenttypes', '0002_remove_content_type_name', '2018-11-19 15:10:39');
INSERT INTO `django_migrations` VALUES ('6', 'auth', '0002_alter_permission_name_max_length', '2018-11-19 15:10:39');
INSERT INTO `django_migrations` VALUES ('7', 'auth', '0003_alter_user_email_max_length', '2018-11-19 15:10:39');
INSERT INTO `django_migrations` VALUES ('8', 'auth', '0004_alter_user_username_opts', '2018-11-19 15:10:39');
INSERT INTO `django_migrations` VALUES ('9', 'auth', '0005_alter_user_last_login_null', '2018-11-19 15:10:39');
INSERT INTO `django_migrations` VALUES ('10', 'auth', '0006_require_contenttypes_0002', '2018-11-19 15:10:39');
INSERT INTO `django_migrations` VALUES ('11', 'auth', '0007_alter_validators_add_error_messages', '2018-11-19 15:10:39');
INSERT INTO `django_migrations` VALUES ('12', 'auth', '0008_alter_user_username_max_length', '2018-11-19 15:10:39');
INSERT INTO `django_migrations` VALUES ('13', 'auth', '0009_alter_user_last_name_max_length', '2018-11-19 15:10:39');
INSERT INTO `django_migrations` VALUES ('14', 'blog', '0001_initial', '2018-11-19 15:10:39');
INSERT INTO `django_migrations` VALUES ('15', 'blog', '0002_auto_20180430_1604', '2018-11-19 15:10:39');
INSERT INTO `django_migrations` VALUES ('16', 'blog', '0003_auto_20180508_2047', '2018-11-19 15:10:39');
INSERT INTO `django_migrations` VALUES ('17', 'blog', '0004_auto_20180508_2108', '2018-11-19 15:10:39');
INSERT INTO `django_migrations` VALUES ('18', 'blog', '0005_blog_readed_num', '2018-11-19 15:10:39');
INSERT INTO `django_migrations` VALUES ('19', 'blog', '0006_auto_20180509_1530', '2018-11-19 15:10:39');
INSERT INTO `django_migrations` VALUES ('20', 'blog', '0007_auto_20180509_1544', '2018-11-19 15:10:39');
INSERT INTO `django_migrations` VALUES ('21', 'blog', '0008_auto_20180513_1622', '2018-11-19 15:10:39');
INSERT INTO `django_migrations` VALUES ('22', 'blog', '0009_auto_20180513_1635', '2018-11-19 15:10:39');
INSERT INTO `django_migrations` VALUES ('23', 'blog', '0010_auto_20180515_0843', '2018-11-19 15:10:40');
INSERT INTO `django_migrations` VALUES ('24', 'blog', '0002_auto_20181119_1836', '2018-11-19 15:10:40');
INSERT INTO `django_migrations` VALUES ('25', 'blog', '0011_merge_20181119_1843', '2018-11-19 15:10:40');
INSERT INTO `django_migrations` VALUES ('26', 'comment', '0001_initial', '2018-11-19 15:10:40');
INSERT INTO `django_migrations` VALUES ('27', 'likes', '0001_initial', '2018-11-19 15:10:40');
INSERT INTO `django_migrations` VALUES ('28', 'read_statistics', '0001_initial', '2018-11-19 15:10:40');
INSERT INTO `django_migrations` VALUES ('29', 'sessions', '0001_initial', '2018-11-19 15:10:40');
INSERT INTO `django_migrations` VALUES ('30', 'user', '0001_initial', '2018-11-19 15:10:40');

-- ----------------------------
-- Table structure for `django_session`
-- ----------------------------
DROP TABLE IF EXISTS `django_session`;
CREATE TABLE `django_session` (
  `session_key` varchar(40) COLLATE utf8_bin NOT NULL,
  `session_data` longtext COLLATE utf8_bin NOT NULL,
  `expire_date` datetime NOT NULL,
  PRIMARY KEY (`session_key`),
  KEY `django_session_expire_date_a5c62663` (`expire_date`)
) ENGINE=InnoDB DEFAULT CHARSET=utf8 COLLATE=utf8_bin;

-- ----------------------------
-- Records of django_session
-- ----------------------------
INSERT INTO `django_session` VALUES ('01p6hjnzb3ogn43zr7cehwiwqev6c3r5', 0x4F5455305A6D466A597A4E6B4E44526D4D5749794D5746694D4745784D6D49335A6D5A6D4E7A497A4F574E694E44646A5A6A633459547037496C39686458526F5833567A5A584A66615751694F69497849697769583246316447686664584E6C636C396959574E725A57356B496A6F695A477068626D64764C6D4E76626E527961574975595856306143356959574E725A57356B6379354E6232526C62454A685932746C626D51694C434A6659585630614639316332567958326868633267694F694934593249775A4446694E4467314E574A6A4F5749314D4755314D4749355A5756684E474933595441354F47526B4D4451354D446B35496E303D, '2018-07-19 08:01:02');
INSERT INTO `django_session` VALUES ('14vabh1hv227yx0xobew83q8bp2qkpfk', 0x4F5455305A6D466A597A4E6B4E44526D4D5749794D5746694D4745784D6D49335A6D5A6D4E7A497A4F574E694E44646A5A6A633459547037496C39686458526F5833567A5A584A66615751694F69497849697769583246316447686664584E6C636C396959574E725A57356B496A6F695A477068626D64764C6D4E76626E527961574975595856306143356959574E725A57356B6379354E6232526C62454A685932746C626D51694C434A6659585630614639316332567958326868633267694F694934593249775A4446694E4467314E574A6A4F5749314D4755314D4749355A5756684E474933595441354F47526B4D4451354D446B35496E303D, '2018-07-12 07:51:12');
INSERT INTO `django_session` VALUES ('2ecy7pxu6we8wfju1bt1xkhc7of8cicl', 0x4F5455305A6D466A597A4E6B4E44526D4D5749794D5746694D4745784D6D49335A6D5A6D4E7A497A4F574E694E44646A5A6A633459547037496C39686458526F5833567A5A584A66615751694F69497849697769583246316447686664584E6C636C396959574E725A57356B496A6F695A477068626D64764C6D4E76626E527961574975595856306143356959574E725A57356B6379354E6232526C62454A685932746C626D51694C434A6659585630614639316332567958326868633267694F694934593249775A4446694E4467314E574A6A4F5749314D4755314D4749355A5756684E474933595441354F47526B4D4451354D446B35496E303D, '2018-06-20 14:14:39');
INSERT INTO `django_session` VALUES ('2grhzza1ykttc4o9euoqms9a31whz4f0', 0x4D5759305957566B5A6D45304E5441334F5759344D57517A4E54457A4D3259794F444D355A57526C4D7A526A4D5463335A575A6D4E7A703766513D3D, '2018-07-12 02:13:47');
INSERT INTO `django_session` VALUES ('49r5anwbltt1bda2dl1qhd4kmc4op70i', 0x4F5455305A6D466A597A4E6B4E44526D4D5749794D5746694D4745784D6D49335A6D5A6D4E7A497A4F574E694E44646A5A6A633459547037496C39686458526F5833567A5A584A66615751694F69497849697769583246316447686664584E6C636C396959574E725A57356B496A6F695A477068626D64764C6D4E76626E527961574975595856306143356959574E725A57356B6379354E6232526C62454A685932746C626D51694C434A6659585630614639316332567958326868633267694F694934593249775A4446694E4467314E574A6A4F5749314D4755314D4749355A5756684E474933595441354F47526B4D4451354D446B35496E303D, '2018-07-23 05:50:57');
INSERT INTO `django_session` VALUES ('6y4imho7vngvcjm6mzuz1b0a1q47hvyp', 0x4F5455305A6D466A597A4E6B4E44526D4D5749794D5746694D4745784D6D49335A6D5A6D4E7A497A4F574E694E44646A5A6A633459547037496C39686458526F5833567A5A584A66615751694F69497849697769583246316447686664584E6C636C396959574E725A57356B496A6F695A477068626D64764C6D4E76626E527961574975595856306143356959574E725A57356B6379354E6232526C62454A685932746C626D51694C434A6659585630614639316332567958326868633267694F694934593249775A4446694E4467314E574A6A4F5749314D4755314D4749355A5756684E474933595441354F47526B4D4451354D446B35496E303D, '2018-12-03 08:34:37');
INSERT INTO `django_session` VALUES ('74qgnpb4cqase6js3oth2ue9b50u9d1j', 0x4F5455305A6D466A597A4E6B4E44526D4D5749794D5746694D4745784D6D49335A6D5A6D4E7A497A4F574E694E44646A5A6A633459547037496C39686458526F5833567A5A584A66615751694F69497849697769583246316447686664584E6C636C396959574E725A57356B496A6F695A477068626D64764C6D4E76626E527961574975595856306143356959574E725A57356B6379354E6232526C62454A685932746C626D51694C434A6659585630614639316332567958326868633267694F694934593249775A4446694E4467314E574A6A4F5749314D4755314D4749355A5756684E474933595441354F47526B4D4451354D446B35496E303D, '2018-07-19 06:06:25');
INSERT INTO `django_session` VALUES ('7d51qeryoiam3t2ttxim700b0rcvvpqr', 0x4F5455305A6D466A597A4E6B4E44526D4D5749794D5746694D4745784D6D49335A6D5A6D4E7A497A4F574E694E44646A5A6A633459547037496C39686458526F5833567A5A584A66615751694F69497849697769583246316447686664584E6C636C396959574E725A57356B496A6F695A477068626D64764C6D4E76626E527961574975595856306143356959574E725A57356B6379354E6232526C62454A685932746C626D51694C434A6659585630614639316332567958326868633267694F694934593249775A4446694E4467314E574A6A4F5749314D4755314D4749355A5756684E474933595441354F47526B4D4451354D446B35496E303D, '2018-06-04 08:03:08');
INSERT INTO `django_session` VALUES ('9dmgrtq9ya53aw8151yd093w1rs7mwtk', 0x4F5455305A6D466A597A4E6B4E44526D4D5749794D5746694D4745784D6D49335A6D5A6D4E7A497A4F574E694E44646A5A6A633459547037496C39686458526F5833567A5A584A66615751694F69497849697769583246316447686664584E6C636C396959574E725A57356B496A6F695A477068626D64764C6D4E76626E527961574975595856306143356959574E725A57356B6379354E6232526C62454A685932746C626D51694C434A6659585630614639316332567958326868633267694F694934593249775A4446694E4467314E574A6A4F5749314D4755314D4749355A5756684E474933595441354F47526B4D4451354D446B35496E303D, '2018-05-22 12:31:06');
INSERT INTO `django_session` VALUES ('g6ktj0icbwmx0fdc1gjaa4ltighyfojc', 0x4D5759305957566B5A6D45304E5441334F5759344D57517A4E54457A4D3259794F444D355A57526C4D7A526A4D5463335A575A6D4E7A703766513D3D, '2018-06-09 09:10:35');
INSERT INTO `django_session` VALUES ('hxaeng2mh1f66839l5m8rlznil1kn1ek', 0x4F5455305A6D466A597A4E6B4E44526D4D5749794D5746694D4745784D6D49335A6D5A6D4E7A497A4F574E694E44646A5A6A633459547037496C39686458526F5833567A5A584A66615751694F69497849697769583246316447686664584E6C636C396959574E725A57356B496A6F695A477068626D64764C6D4E76626E527961574975595856306143356959574E725A57356B6379354E6232526C62454A685932746C626D51694C434A6659585630614639316332567958326868633267694F694934593249775A4446694E4467314E574A6A4F5749314D4755314D4749355A5756684E474933595441354F47526B4D4451354D446B35496E303D, '2018-07-19 06:00:29');
INSERT INTO `django_session` VALUES ('i57k5y26660hnxz3tab01w4ys1mxuhyg', 0x4F5455305A6D466A597A4E6B4E44526D4D5749794D5746694D4745784D6D49335A6D5A6D4E7A497A4F574E694E44646A5A6A633459547037496C39686458526F5833567A5A584A66615751694F69497849697769583246316447686664584E6C636C396959574E725A57356B496A6F695A477068626D64764C6D4E76626E527961574975595856306143356959574E725A57356B6379354E6232526C62454A685932746C626D51694C434A6659585630614639316332567958326868633267694F694934593249775A4446694E4467314E574A6A4F5749314D4755314D4749355A5756684E474933595441354F47526B4D4451354D446B35496E303D, '2018-12-04 02:56:27');
INSERT INTO `django_session` VALUES ('j4slgylk5m6128dl4wis462x7w7vy0bg', 0x4F5455305A6D466A597A4E6B4E44526D4D5749794D5746694D4745784D6D49335A6D5A6D4E7A497A4F574E694E44646A5A6A633459547037496C39686458526F5833567A5A584A66615751694F69497849697769583246316447686664584E6C636C396959574E725A57356B496A6F695A477068626D64764C6D4E76626E527961574975595856306143356959574E725A57356B6379354E6232526C62454A685932746C626D51694C434A6659585630614639316332567958326868633267694F694934593249775A4446694E4467314E574A6A4F5749314D4755314D4749355A5756684E474933595441354F47526B4D4451354D446B35496E303D, '2018-06-09 09:11:32');
INSERT INTO `django_session` VALUES ('jbg3d89vh633oiev73nev551vp6vjdm9', 0x4F5455305A6D466A597A4E6B4E44526D4D5749794D5746694D4745784D6D49335A6D5A6D4E7A497A4F574E694E44646A5A6A633459547037496C39686458526F5833567A5A584A66615751694F69497849697769583246316447686664584E6C636C396959574E725A57356B496A6F695A477068626D64764C6D4E76626E527961574975595856306143356959574E725A57356B6379354E6232526C62454A685932746C626D51694C434A6659585630614639316332567958326868633267694F694934593249775A4446694E4467314E574A6A4F5749314D4755314D4749355A5756684E474933595441354F47526B4D4451354D446B35496E303D, '2018-05-02 12:43:49');
INSERT INTO `django_session` VALUES ('jppd7j6n8yvx45njxyflc9hdk8d2a1ny', 0x4F5455305A6D466A597A4E6B4E44526D4D5749794D5746694D4745784D6D49335A6D5A6D4E7A497A4F574E694E44646A5A6A633459547037496C39686458526F5833567A5A584A66615751694F69497849697769583246316447686664584E6C636C396959574E725A57356B496A6F695A477068626D64764C6D4E76626E527961574975595856306143356959574E725A57356B6379354E6232526C62454A685932746C626D51694C434A6659585630614639316332567958326868633267694F694934593249775A4446694E4467314E574A6A4F5749314D4755314D4749355A5756684E474933595441354F47526B4D4451354D446B35496E303D, '2018-09-05 09:51:38');
INSERT INTO `django_session` VALUES ('jy5pmjsr5ocdd48yj79cbilo4qtosgi2', 0x4F5455305A6D466A597A4E6B4E44526D4D5749794D5746694D4745784D6D49335A6D5A6D4E7A497A4F574E694E44646A5A6A633459547037496C39686458526F5833567A5A584A66615751694F69497849697769583246316447686664584E6C636C396959574E725A57356B496A6F695A477068626D64764C6D4E76626E527961574975595856306143356959574E725A57356B6379354E6232526C62454A685932746C626D51694C434A6659585630614639316332567958326868633267694F694934593249775A4446694E4467314E574A6A4F5749314D4755314D4749355A5756684E474933595441354F47526B4D4451354D446B35496E303D, '2018-05-04 12:17:41');
INSERT INTO `django_session` VALUES ('l4vm7vu34jnbi1ujpbdo3dtkhrhmuzws', 0x4F5455305A6D466A597A4E6B4E44526D4D5749794D5746694D4745784D6D49335A6D5A6D4E7A497A4F574E694E44646A5A6A633459547037496C39686458526F5833567A5A584A66615751694F69497849697769583246316447686664584E6C636C396959574E725A57356B496A6F695A477068626D64764C6D4E76626E527961574975595856306143356959574E725A57356B6379354E6232526C62454A685932746C626D51694C434A6659585630614639316332567958326868633267694F694934593249775A4446694E4467314E574A6A4F5749314D4755314D4749355A5756684E474933595441354F47526B4D4451354D446B35496E303D, '2018-07-14 01:31:49');
INSERT INTO `django_session` VALUES ('lmucoi38iq6upgwinno5ijbq3e83hc43', 0x4F5455305A6D466A597A4E6B4E44526D4D5749794D5746694D4745784D6D49335A6D5A6D4E7A497A4F574E694E44646A5A6A633459547037496C39686458526F5833567A5A584A66615751694F69497849697769583246316447686664584E6C636C396959574E725A57356B496A6F695A477068626D64764C6D4E76626E527961574975595856306143356959574E725A57356B6379354E6232526C62454A685932746C626D51694C434A6659585630614639316332567958326868633267694F694934593249775A4446694E4467314E574A6A4F5749314D4755314D4749355A5756684E474933595441354F47526B4D4451354D446B35496E303D, '2018-12-04 10:08:42');
INSERT INTO `django_session` VALUES ('mggrjqlwt366ac43h3mpgc1kzvmlx4nd', 0x4F5455305A6D466A597A4E6B4E44526D4D5749794D5746694D4745784D6D49335A6D5A6D4E7A497A4F574E694E44646A5A6A633459547037496C39686458526F5833567A5A584A66615751694F69497849697769583246316447686664584E6C636C396959574E725A57356B496A6F695A477068626D64764C6D4E76626E527961574975595856306143356959574E725A57356B6379354E6232526C62454A685932746C626D51694C434A6659585630614639316332567958326868633267694F694934593249775A4446694E4467314E574A6A4F5749314D4755314D4749355A5756684E474933595441354F47526B4D4451354D446B35496E303D, '2018-06-13 07:16:50');
INSERT INTO `django_session` VALUES ('nrvbf695ynmdrzwr3rlmm3xu0c6j0x5u', 0x4F5455305A6D466A597A4E6B4E44526D4D5749794D5746694D4745784D6D49335A6D5A6D4E7A497A4F574E694E44646A5A6A633459547037496C39686458526F5833567A5A584A66615751694F69497849697769583246316447686664584E6C636C396959574E725A57356B496A6F695A477068626D64764C6D4E76626E527961574975595856306143356959574E725A57356B6379354E6232526C62454A685932746C626D51694C434A6659585630614639316332567958326868633267694F694934593249775A4446694E4467314E574A6A4F5749314D4755314D4749355A5756684E474933595441354F47526B4D4451354D446B35496E303D, '2018-07-18 08:28:49');
INSERT INTO `django_session` VALUES ('nzg64bxdlzdd7eu0zfb087rsffyvxwnp', 0x4F5455305A6D466A597A4E6B4E44526D4D5749794D5746694D4745784D6D49335A6D5A6D4E7A497A4F574E694E44646A5A6A633459547037496C39686458526F5833567A5A584A66615751694F69497849697769583246316447686664584E6C636C396959574E725A57356B496A6F695A477068626D64764C6D4E76626E527961574975595856306143356959574E725A57356B6379354E6232526C62454A685932746C626D51694C434A6659585630614639316332567958326868633267694F694934593249775A4446694E4467314E574A6A4F5749314D4755314D4749355A5756684E474933595441354F47526B4D4451354D446B35496E303D, '2018-05-23 07:37:09');
INSERT INTO `django_session` VALUES ('owso3sojlkctj4hze14vl1x6hut39wb1', 0x4F5455305A6D466A597A4E6B4E44526D4D5749794D5746694D4745784D6D49335A6D5A6D4E7A497A4F574E694E44646A5A6A633459547037496C39686458526F5833567A5A584A66615751694F69497849697769583246316447686664584E6C636C396959574E725A57356B496A6F695A477068626D64764C6D4E76626E527961574975595856306143356959574E725A57356B6379354E6232526C62454A685932746C626D51694C434A6659585630614639316332567958326868633267694F694934593249775A4446694E4467314E574A6A4F5749314D4755314D4749355A5756684E474933595441354F47526B4D4451354D446B35496E303D, '2018-07-12 08:09:04');
INSERT INTO `django_session` VALUES ('q4qr1emck4ovnk6fl59gjt7jtyyd48wp', 0x4F5455305A6D466A597A4E6B4E44526D4D5749794D5746694D4745784D6D49335A6D5A6D4E7A497A4F574E694E44646A5A6A633459547037496C39686458526F5833567A5A584A66615751694F69497849697769583246316447686664584E6C636C396959574E725A57356B496A6F695A477068626D64764C6D4E76626E527961574975595856306143356959574E725A57356B6379354E6232526C62454A685932746C626D51694C434A6659585630614639316332567958326868633267694F694934593249775A4446694E4467314E574A6A4F5749314D4755314D4749355A5756684E474933595441354F47526B4D4451354D446B35496E303D, '2018-07-17 06:21:30');
INSERT INTO `django_session` VALUES ('qje7548zbmxk2xyjs272yc6o9dn5yc2j', 0x4D5751324D5445354D6A686B4D6A6B325A4467774E6A526B4D544E6C596A45324E324D314D6A646B4F47597A5A6D45304E444A6D4E6A7037496C39686458526F5833567A5A584A66615751694F69497849697769583246316447686664584E6C636C396959574E725A57356B496A6F695A477068626D64764C6D4E76626E527961574975595856306143356959574E725A57356B6379354E6232526C62454A685932746C626D51694C434A6659585630614639316332567958326868633267694F694934593249775A4446694E4467314E574A6A4F5749314D4755314D4749355A5756684E474933595441354F47526B4D4451354D446B3549697769596D6C755A46396C625746706246396A6232526C496A6F6954476C4962434973496E4E6C626D52665932396B5A5639306157316C496A6F784E544D784D6A67324F44677A66513D3D, '2018-07-25 05:28:04');
INSERT INTO `django_session` VALUES ('w7o4eaeyl62fm5acg4ujjawc6fvwpg07', 0x4D7A6C6B4D5459345A6D59344D474A69596A4E6C4E44566C4F5467334D444A6A4D5441795A4459794E7A67355A6A6C6C4D6D566B4F547037496C39686458526F5833567A5A584A66615751694F69497A49697769583246316447686664584E6C636C396959574E725A57356B496A6F695A477068626D64764C6D4E76626E527961574975595856306143356959574E725A57356B6379354E6232526C62454A685932746C626D51694C434A6659585630614639316332567958326868633267694F694A695A6A4D354D7A64684F5755334E4467325A44566C596A466B4D5449795A6D5932597A426B4D6A413159574D794E4463344E474930496E303D, '2018-07-24 06:05:13');
INSERT INTO `django_session` VALUES ('wdnijyhzhg8z939pbqg506w8wprm6np9', 0x4F5455305A6D466A597A4E6B4E44526D4D5749794D5746694D4745784D6D49335A6D5A6D4E7A497A4F574E694E44646A5A6A633459547037496C39686458526F5833567A5A584A66615751694F69497849697769583246316447686664584E6C636C396959574E725A57356B496A6F695A477068626D64764C6D4E76626E527961574975595856306143356959574E725A57356B6379354E6232526C62454A685932746C626D51694C434A6659585630614639316332567958326868633267694F694934593249775A4446694E4467314E574A6A4F5749314D4755314D4749355A5756684E474933595441354F47526B4D4451354D446B35496E303D, '2018-07-14 08:45:29');
INSERT INTO `django_session` VALUES ('wz1mmsazrj5zs8e4l3qqtzm9bthpmr54', 0x4F5455305A6D466A597A4E6B4E44526D4D5749794D5746694D4745784D6D49335A6D5A6D4E7A497A4F574E694E44646A5A6A633459547037496C39686458526F5833567A5A584A66615751694F69497849697769583246316447686664584E6C636C396959574E725A57356B496A6F695A477068626D64764C6D4E76626E527961574975595856306143356959574E725A57356B6379354E6232526C62454A685932746C626D51694C434A6659585630614639316332567958326868633267694F694934593249775A4446694E4467314E574A6A4F5749314D4755314D4749355A5756684E474933595441354F47526B4D4451354D446B35496E303D, '2018-06-13 12:12:45');
INSERT INTO `django_session` VALUES ('xedi8ukuiyq1myycabqyrhcowoetp0vx', 0x4F5455305A6D466A597A4E6B4E44526D4D5749794D5746694D4745784D6D49335A6D5A6D4E7A497A4F574E694E44646A5A6A633459547037496C39686458526F5833567A5A584A66615751694F69497849697769583246316447686664584E6C636C396959574E725A57356B496A6F695A477068626D64764C6D4E76626E527961574975595856306143356959574E725A57356B6379354E6232526C62454A685932746C626D51694C434A6659585630614639316332567958326868633267694F694934593249775A4446694E4467314E574A6A4F5749314D4755314D4749355A5756684E474933595441354F47526B4D4451354D446B35496E303D, '2018-07-23 07:19:49');
INSERT INTO `django_session` VALUES ('y9ey242dq79a7981lg3fe025n2i4et2w', 0x4F5455305A6D466A597A4E6B4E44526D4D5749794D5746694D4745784D6D49335A6D5A6D4E7A497A4F574E694E44646A5A6A633459547037496C39686458526F5833567A5A584A66615751694F69497849697769583246316447686664584E6C636C396959574E725A57356B496A6F695A477068626D64764C6D4E76626E527961574975595856306143356959574E725A57356B6379354E6232526C62454A685932746C626D51694C434A6659585630614639316332567958326868633267694F694934593249775A4446694E4467314E574A6A4F5749314D4755314D4749355A5756684E474933595441354F47526B4D4451354D446B35496E303D, '2018-07-16 10:24:06');

-- ----------------------------
-- Table structure for `likes_likecount`
-- ----------------------------
DROP TABLE IF EXISTS `likes_likecount`;
CREATE TABLE `likes_likecount` (
  `id` int(11) NOT NULL AUTO_INCREMENT,
  `object_id` int(10) unsigned NOT NULL,
  `liked_num` int(11) NOT NULL,
  `content_type_id` int(11) NOT NULL,
  PRIMARY KEY (`id`),
  KEY `likes_likecount_content_type_id_a33eb91e_fk_django_co` (`content_type_id`),
  CONSTRAINT `likes_likecount_content_type_id_a33eb91e_fk_django_co` FOREIGN KEY (`content_type_id`) REFERENCES `django_content_type` (`id`)
) ENGINE=InnoDB AUTO_INCREMENT=69 DEFAULT CHARSET=utf8 COLLATE=utf8_bin;

-- ----------------------------
-- Records of likes_likecount
-- ----------------------------
INSERT INTO `likes_likecount` VALUES ('1', '37', '0', '8');
INSERT INTO `likes_likecount` VALUES ('2', '36', '0', '8');
INSERT INTO `likes_likecount` VALUES ('3', '35', '1', '8');
INSERT INTO `likes_likecount` VALUES ('4', '33', '1', '8');
INSERT INTO `likes_likecount` VALUES ('5', '32', '0', '8');
INSERT INTO `likes_likecount` VALUES ('6', '31', '0', '8');
INSERT INTO `likes_likecount` VALUES ('7', '30', '0', '8');
INSERT INTO `likes_likecount` VALUES ('8', '68', '1', '12');
INSERT INTO `likes_likecount` VALUES ('9', '39', '0', '12');
INSERT INTO `likes_likecount` VALUES ('10', '65', '0', '12');
INSERT INTO `likes_likecount` VALUES ('11', '69', '0', '12');
INSERT INTO `likes_likecount` VALUES ('12', '38', '1', '12');
INSERT INTO `likes_likecount` VALUES ('13', '37', '1', '12');
INSERT INTO `likes_likecount` VALUES ('14', '36', '0', '12');
INSERT INTO `likes_likecount` VALUES ('15', '35', '0', '12');
INSERT INTO `likes_likecount` VALUES ('16', '34', '0', '12');
INSERT INTO `likes_likecount` VALUES ('17', '12', '0', '12');
INSERT INTO `likes_likecount` VALUES ('18', '11', '0', '12');
INSERT INTO `likes_likecount` VALUES ('19', '10', '0', '12');
INSERT INTO `likes_likecount` VALUES ('20', '9', '0', '12');
INSERT INTO `likes_likecount` VALUES ('21', '7', '0', '12');
INSERT INTO `likes_likecount` VALUES ('22', '6', '0', '12');
INSERT INTO `likes_likecount` VALUES ('23', '5', '0', '12');
INSERT INTO `likes_likecount` VALUES ('24', '4', '0', '12');
INSERT INTO `likes_likecount` VALUES ('25', '3', '0', '12');
INSERT INTO `likes_likecount` VALUES ('26', '2', '0', '12');
INSERT INTO `likes_likecount` VALUES ('27', '59', '1', '12');
INSERT INTO `likes_likecount` VALUES ('28', '58', '0', '12');
INSERT INTO `likes_likecount` VALUES ('29', '70', '0', '12');
INSERT INTO `likes_likecount` VALUES ('30', '57', '0', '12');
INSERT INTO `likes_likecount` VALUES ('31', '55', '0', '12');
INSERT INTO `likes_likecount` VALUES ('32', '54', '0', '12');
INSERT INTO `likes_likecount` VALUES ('33', '53', '0', '12');
INSERT INTO `likes_likecount` VALUES ('34', '49', '0', '12');
INSERT INTO `likes_likecount` VALUES ('35', '33', '0', '12');
INSERT INTO `likes_likecount` VALUES ('36', '32', '0', '12');
INSERT INTO `likes_likecount` VALUES ('37', '31', '0', '12');
INSERT INTO `likes_likecount` VALUES ('38', '30', '0', '12');
INSERT INTO `likes_likecount` VALUES ('39', '29', '0', '12');
INSERT INTO `likes_likecount` VALUES ('40', '28', '0', '12');
INSERT INTO `likes_likecount` VALUES ('41', '27', '0', '12');
INSERT INTO `likes_likecount` VALUES ('42', '18', '0', '12');
INSERT INTO `likes_likecount` VALUES ('43', '15', '0', '12');
INSERT INTO `likes_likecount` VALUES ('44', '14', '0', '12');
INSERT INTO `likes_likecount` VALUES ('45', '47', '1', '12');
INSERT INTO `likes_likecount` VALUES ('46', '46', '1', '12');
INSERT INTO `likes_likecount` VALUES ('47', '45', '1', '12');
INSERT INTO `likes_likecount` VALUES ('48', '44', '0', '12');
INSERT INTO `likes_likecount` VALUES ('49', '43', '0', '12');
INSERT INTO `likes_likecount` VALUES ('50', '42', '0', '12');
INSERT INTO `likes_likecount` VALUES ('51', '41', '0', '12');
INSERT INTO `likes_likecount` VALUES ('52', '40', '0', '12');
INSERT INTO `likes_likecount` VALUES ('53', '16', '0', '12');
INSERT INTO `likes_likecount` VALUES ('54', '1', '0', '12');
INSERT INTO `likes_likecount` VALUES ('55', '71', '1', '12');
INSERT INTO `likes_likecount` VALUES ('56', '72', '0', '12');
INSERT INTO `likes_likecount` VALUES ('57', '4', '0', '8');
INSERT INTO `likes_likecount` VALUES ('58', '2', '0', '8');
INSERT INTO `likes_likecount` VALUES ('59', '1', '0', '8');
INSERT INTO `likes_likecount` VALUES ('60', '73', '1', '12');
INSERT INTO `likes_likecount` VALUES ('61', '74', '0', '12');
INSERT INTO `likes_likecount` VALUES ('62', '29', '0', '8');
INSERT INTO `likes_likecount` VALUES ('63', '28', '0', '8');
INSERT INTO `likes_likecount` VALUES ('64', '6', '0', '8');
INSERT INTO `likes_likecount` VALUES ('65', '7', '0', '8');
INSERT INTO `likes_likecount` VALUES ('66', '8', '0', '8');
INSERT INTO `likes_likecount` VALUES ('67', '9', '0', '8');
INSERT INTO `likes_likecount` VALUES ('68', '10', '0', '8');

-- ----------------------------
-- Table structure for `likes_likerecord`
-- ----------------------------
DROP TABLE IF EXISTS `likes_likerecord`;
CREATE TABLE `likes_likerecord` (
  `id` int(11) NOT NULL AUTO_INCREMENT,
  `object_id` int(10) unsigned NOT NULL,
  `liked_time` datetime NOT NULL,
  `content_type_id` int(11) NOT NULL,
  `user_id` int(11) NOT NULL,
  PRIMARY KEY (`id`),
  KEY `likes_likerecord_content_type_id_4e35de35_fk_django_co` (`content_type_id`),
  KEY `likes_likerecord_user_id_c85b88bd_fk_auth_user_id` (`user_id`),
  CONSTRAINT `likes_likerecord_content_type_id_4e35de35_fk_django_co` FOREIGN KEY (`content_type_id`) REFERENCES `django_content_type` (`id`),
  CONSTRAINT `likes_likerecord_user_id_c85b88bd_fk_auth_user_id` FOREIGN KEY (`user_id`) REFERENCES `auth_user` (`id`)
) ENGINE=InnoDB AUTO_INCREMENT=19 DEFAULT CHARSET=utf8 COLLATE=utf8_bin;

-- ----------------------------
-- Records of likes_likerecord
-- ----------------------------
INSERT INTO `likes_likerecord` VALUES ('5', '47', '2018-07-09 06:47:19', '12', '1');
INSERT INTO `likes_likerecord` VALUES ('6', '46', '2018-07-09 06:47:20', '12', '1');
INSERT INTO `likes_likerecord` VALUES ('7', '45', '2018-07-09 06:47:22', '12', '1');
INSERT INTO `likes_likerecord` VALUES ('8', '38', '2018-07-09 07:19:53', '12', '1');
INSERT INTO `likes_likerecord` VALUES ('10', '68', '2018-07-09 07:19:56', '12', '1');
INSERT INTO `likes_likerecord` VALUES ('11', '35', '2018-07-09 07:19:59', '8', '1');
INSERT INTO `likes_likerecord` VALUES ('12', '71', '2018-07-09 07:26:01', '12', '1');
INSERT INTO `likes_likerecord` VALUES ('15', '73', '2018-07-09 08:24:53', '12', '1');
INSERT INTO `likes_likerecord` VALUES ('16', '59', '2018-07-09 08:25:09', '12', '1');
INSERT INTO `likes_likerecord` VALUES ('17', '33', '2018-07-09 08:25:13', '8', '1');
INSERT INTO `likes_likerecord` VALUES ('18', '37', '2018-08-22 09:52:02', '12', '1');

-- ----------------------------
-- Table structure for `my_cache_table`
-- ----------------------------
DROP TABLE IF EXISTS `my_cache_table`;
CREATE TABLE `my_cache_table` (
  `cache_key` varchar(255) COLLATE utf8_bin NOT NULL,
  `value` longtext COLLATE utf8_bin NOT NULL,
  `expires` datetime NOT NULL,
  PRIMARY KEY (`cache_key`),
  KEY `my_cache_table_expires` (`expires`)
) ENGINE=InnoDB DEFAULT CHARSET=utf8 COLLATE=utf8_bin;

-- ----------------------------
-- Records of my_cache_table
-- ----------------------------
INSERT INTO `my_cache_table` VALUES (':1:hot_blogs_for_7_days', 0x6741535664516F41414141414141434D466D52715957356E6279356B596935746232526C62484D756358566C636E6D556A4168526457567965564E6C644A53546C436D426C4832554B4977466257396B5A5779556A4174696247396E4C6D31765A4756736335534D42454A73623265556B35534D4131396B5970524F6A415A6661476C7564484F55665A534D425846315A584A356C4977615A477068626D64764C6D52694C6D31765A4756736379357A635777756358566C636E6D556A41565264575679655A53546C436D426C4832554B4767466141694D446D46736157467A58334A6C5A6D4E76645735306C4832554B49774A596D78765A3139696247396E6C4573456A4270795A57466B58334E30595852706333527059334E66636D56685A47526C64474670624A524C4133574D435746736157467A58323168634A534D43324E766247786C593352706232357A6C49774C54334A6B5A584A6C5A455270593353556B3551705570516F6142534D493252715957356E6279356B596935746232526C62484D75633346734C6D52686447467A64484A3159335231636D567A6C49774A516D467A5A565268596D786C6C4A4F554B594755665A516F6A41703059574A735A5639755957316C6C4767556A41743059574A735A56396862476C686335526F464856696142566F47347745536D3970627053546C436D426C4832554B4767676142574D44484268636D56756446396862476C686335526F464767686142574D435770766157356664486C775A5A534D436B6C4F546B565349457050535536556A416C7162326C7558324E7662484F556A414A705A4A534D43573969616D566A644639705A4A53476C4957556A41707162326C7558325A705A57786B6C4977695A477068626D64764C6D4E76626E5279615749755932397564475675644852356347567A4C6D5A705A57786B6335534D436B646C626D567961574E535A5779556B355170675A52396C43694D42575A705A57786B6C4977585A477068626D64764C6D52694C6D31765A4756736379356D615756735A484F556A417466624739685A46396D615756735A4A53546C497745596D78765A35526F4234774D636D56685A46396B5A5852686157787A6C4965555570526F42597757636D56685A46397A6447463061584E3061574E7A4C6D31765A4756736335534D436C4A6C595752455A585268615779556B35534D44484A6C624746305A575266626D46745A5A534D415375556A424A795A5778686447566B583346315A584A355832356862575755546F775162476C74615852665932687661574E6C63313930623552396C49774C634746795A57353058327870626D75556959774A623235665A4756735A58526C6C49775A5A477068626D64764C6D52694C6D31765A4756736379356B5A57786C64476C766270534D436B5250583035505645684A546B65556B35534D43334E356257316C64484A70593246736C496D4D43473131624852706347786C6C496831596F7749626E56736247466962475755694977525A6D6C73644756795A575266636D56735958527062323655546E5669645977515A5868305A584A75595778665957787059584E6C633553506C49774A6447466962475666625746776C4832554B476755585A526F4647466F46563255614256686459774D5A47566D595856736446396A6232787A6C496D4D4547526C5A6D46316248526662334A6B5A584A70626D65556949775263335268626D5268636D526662334A6B5A584A70626D65556949774D64584E6C5A46396862476C686332567A6C492B556A42426D615778305A584A6661584E6663335270593274356C496D4D43484E31596E46315A584A356C496D4D426E4E6C6247566A644A534D484752715957356E6279356B596935746232526C62484D755A586877636D567A63326C76626E4F556A414E44623279556B355170675A52396C43694D4556396A6232357A64484A3159335276636C3968636D647A6C4767556144646F4F476748614371486C464B55687052396C4961556A41787664585277645852665A6D6C6C6247535561474B4D425746736157467A6C4767556A415A3059584A6E5A58535561474B4D456D4E76626E52686157357A5832466E5A334A6C5A3246305A5A534A64574A6F58536D426C4832554B4768676142526F4E3267346141654D425852706447786C6C496555557053476C4832556870526F5A6D68756147646F4647686F61473531596F61556A415633614756795A5A534D476D52715957356E6279356B596935746232526C62484D75633346734C6E646F5A584A6C6C49774A5632686C636D564F6232526C6C4A4F554B594755665A516F6A41686A61476C735A484A6C627052646C43694D474752715957356E6279356B596935746232526C62484D7562473976613356776335534D456B64795A5746305A584A556147467554334A4663585668624A53546C436D426C4832554B4977446247687A6C4768644B594755665A516F6147426F465767336A4139795A57466B58334E30595852706333527059334F556144324D4247526864475755683552536C496155665A53476C47686D61495A6F5A3267566147686F686D6870695856696A414E7961484F556A41686B5958526C64476C745A5A534D42475268644757556B3552444241666943773255685A52536C497755596D6C735958526C636D4673583352795957357A5A6D397962584F55585A526F61596C31596D68376A41684D5A584E7A56476868627053546C436D426C4832554B4769416149466F696D694E51775148346773556C4957555570526F6B56325561476D4A64574A6C6A416C6A623235755A574E3062334B556A414E42546B53556A4164755A5764686447566B6C496C6F61596C31596F774C6432686C636D56665932786863334F556148614D434764796233567758324A356C476865614771476C49774962334A6B5A584A66596E6D556A413074636D56685A46397564573166633356746C4957556A41687362336466625746796135524C4149774A61476C6E6146397459584A726C4573486A41686B61584E306157356A644A534A6A41396B61584E306157356A6446396D615756735A484F554B597752633256735A574E3058325A76636C3931634752686447575569597759633256735A574E3058325A76636C39316347526864475666626D393359576C306C496D4D48584E6C6247566A6446396D62334A666458426B5958526C58334E72615842666247396A6132566B6C496D4D46484E6C6247566A6446396D62334A666458426B5958526C5832396D6C436D4D446E4E6C6247566A644639795A5778686447566B6C496D4D435731686546396B5A584230614A524C4259774E646D46736457567A58334E6C6247566A644A526F4B6D68736870534D44463968626D357664474630615739756335526F47536C536C49774D636D56685A46397564573166633356746C4977625A477068626D64764C6D52694C6D31765A475673637935685A3264795A5764686447567A6C497744553356746C4A4F554B594755665A516F6147434D466E4A6C595752665A47563059576C7363313966636D56685A46397564573255685A52396C4961556A415A6D615778305A584B55546F775363323931636D4E6C5832563463484A6C63334E706232357A6C46325561463070675A52396C43686F594767566144646F673267396A4168795A57466B58323531625A53486C464B55687052396C49615561475A6F7732686E6142566F61476A446A425666623356306348563058325A705A57786B5832397958323576626D5755614D4E6F61596C31596D474D4257563464484A686C4832556A4170706331397A6457317459584A356C496C6F5A6D6A4464574A7A6A425A68626D3576644746306157397558334E6C6247566A6446397459584E726C492B554B4769796B49775958324675626D39305958527062323566633256735A574E3058324E685932686C6C47675A4B564B55614C4A6F746E4F4D436D4E7662574A70626D463062334B55546F774F59323974596D6C7559585276636C3968624779556959775159323974596D6C755A5752666358566C636D6C6C633551706A415A665A586830636D4755546F77525A586830636D4666633256735A574E3058323168633275556A35534D4531396C654852795956397A5A57786C593352665932466A61475755546F774D5A586830636D4666644746696247567A6C436D4D446D563464484A68583239795A47567958324A356C436D4D4547526C5A6D5679636D566B5832787659575270626D65554B4A4755694961556A424E665A6D6C73644756795A575266636D5673595852706232357A6C4832556A4131666247397661335677583270766157357A6C4632554B4767556142566C6A41706959584E6C58335268596D786C6C47675564574B4D445639795A584E31624852665932466A61475755585A516F665A516F6143704C4A5768736A42766E7149446E6C6F2F6E6E366E706D4C586E6D6F546E726F446C6A5A586F7635446E72706555614C4A4C415856396C43686F4B6B73686147794D426D5A76636941794F4A526F736B73426457574D446C397A64476C6A61336C665A6D6C73644756796C496D4D436C396D62334A6664334A70644757556959775A583342795A575A6C64474E6F58334A6C624746305A5752666247397661335677633551706A41356663484A6C5A6D5630593268665A4739755A5A534A6A425A666132357664323566636D56735958526C5A463976596D706C5933527A6C4832556A4139666158526C636D4669624756665932786863334F556141434D446C5A686248566C63306C305A584A68596D786C6C4A4F556A4164665A6D6C6C6247527A6C476771614779476C497750583252715957356E623139325A584A7A615739756C4977464D6934774C6A535564574975, '2018-11-20 11:00:47');

-- ----------------------------
-- Table structure for `read_statistics_readdetail`
-- ----------------------------
DROP TABLE IF EXISTS `read_statistics_readdetail`;
CREATE TABLE `read_statistics_readdetail` (
  `id` int(11) NOT NULL AUTO_INCREMENT,
  `date` date NOT NULL,
  `read_num` int(11) NOT NULL,
  `object_id` int(10) unsigned NOT NULL,
  `content_type_id` int(11) NOT NULL,
  PRIMARY KEY (`id`),
  KEY `read_statistics_read_content_type_id_589c7d92_fk_django_co` (`content_type_id`),
  CONSTRAINT `read_statistics_read_content_type_id_589c7d92_fk_django_co` FOREIGN KEY (`content_type_id`) REFERENCES `django_content_type` (`id`)
) ENGINE=InnoDB AUTO_INCREMENT=64 DEFAULT CHARSET=utf8 COLLATE=utf8_bin;

-- ----------------------------
-- Records of read_statistics_readdetail
-- ----------------------------
INSERT INTO `read_statistics_readdetail` VALUES ('1', '2018-05-20', '4', '36', '8');
INSERT INTO `read_statistics_readdetail` VALUES ('2', '2018-05-21', '4', '36', '8');
INSERT INTO `read_statistics_readdetail` VALUES ('3', '2018-05-21', '2', '35', '8');
INSERT INTO `read_statistics_readdetail` VALUES ('5', '2018-05-21', '1', '33', '8');
INSERT INTO `read_statistics_readdetail` VALUES ('6', '2018-05-21', '1', '32', '8');
INSERT INTO `read_statistics_readdetail` VALUES ('7', '2018-05-21', '2', '31', '8');
INSERT INTO `read_statistics_readdetail` VALUES ('8', '2018-05-21', '1', '23', '8');
INSERT INTO `read_statistics_readdetail` VALUES ('9', '2018-05-21', '2', '37', '8');
INSERT INTO `read_statistics_readdetail` VALUES ('10', '2018-05-22', '1', '37', '8');
INSERT INTO `read_statistics_readdetail` VALUES ('11', '2018-05-22', '1', '36', '8');
INSERT INTO `read_statistics_readdetail` VALUES ('12', '2018-05-22', '1', '35', '8');
INSERT INTO `read_statistics_readdetail` VALUES ('13', '2018-05-26', '1', '36', '8');
INSERT INTO `read_statistics_readdetail` VALUES ('14', '2018-05-26', '1', '35', '8');
INSERT INTO `read_statistics_readdetail` VALUES ('15', '2018-05-26', '1', '33', '8');
INSERT INTO `read_statistics_readdetail` VALUES ('16', '2018-05-27', '1', '35', '8');
INSERT INTO `read_statistics_readdetail` VALUES ('17', '2018-05-30', '2', '37', '8');
INSERT INTO `read_statistics_readdetail` VALUES ('18', '2018-05-30', '2', '35', '8');
INSERT INTO `read_statistics_readdetail` VALUES ('19', '2018-05-30', '1', '32', '8');
INSERT INTO `read_statistics_readdetail` VALUES ('20', '2018-05-31', '1', '32', '8');
INSERT INTO `read_statistics_readdetail` VALUES ('21', '2018-05-31', '1', '35', '8');
INSERT INTO `read_statistics_readdetail` VALUES ('22', '2018-05-31', '1', '36', '8');
INSERT INTO `read_statistics_readdetail` VALUES ('23', '2018-06-06', '1', '35', '8');
INSERT INTO `read_statistics_readdetail` VALUES ('26', '2018-06-07', '1', '35', '8');
INSERT INTO `read_statistics_readdetail` VALUES ('27', '2018-06-27', '1', '35', '8');
INSERT INTO `read_statistics_readdetail` VALUES ('28', '2018-06-28', '1', '35', '8');
INSERT INTO `read_statistics_readdetail` VALUES ('29', '2018-06-28', '1', '2', '8');
INSERT INTO `read_statistics_readdetail` VALUES ('30', '2018-06-30', '1', '35', '8');
INSERT INTO `read_statistics_readdetail` VALUES ('32', '2018-06-30', '1', '33', '8');
INSERT INTO `read_statistics_readdetail` VALUES ('33', '2018-06-30', '1', '36', '8');
INSERT INTO `read_statistics_readdetail` VALUES ('34', '2018-06-30', '1', '2', '8');
INSERT INTO `read_statistics_readdetail` VALUES ('35', '2018-06-30', '1', '32', '8');
INSERT INTO `read_statistics_readdetail` VALUES ('36', '2018-06-30', '1', '30', '8');
INSERT INTO `read_statistics_readdetail` VALUES ('37', '2018-06-30', '1', '29', '8');
INSERT INTO `read_statistics_readdetail` VALUES ('38', '2018-07-02', '2', '33', '8');
INSERT INTO `read_statistics_readdetail` VALUES ('39', '2018-07-02', '1', '31', '8');
INSERT INTO `read_statistics_readdetail` VALUES ('40', '2018-07-02', '2', '2', '8');
INSERT INTO `read_statistics_readdetail` VALUES ('41', '2018-07-03', '1', '33', '8');
INSERT INTO `read_statistics_readdetail` VALUES ('42', '2018-07-03', '1', '35', '8');
INSERT INTO `read_statistics_readdetail` VALUES ('43', '2018-07-03', '1', '32', '8');
INSERT INTO `read_statistics_readdetail` VALUES ('44', '2018-07-03', '1', '31', '8');
INSERT INTO `read_statistics_readdetail` VALUES ('45', '2018-07-03', '1', '30', '8');
INSERT INTO `read_statistics_readdetail` VALUES ('46', '2018-07-03', '1', '29', '8');
INSERT INTO `read_statistics_readdetail` VALUES ('47', '2018-07-03', '1', '28', '8');
INSERT INTO `read_statistics_readdetail` VALUES ('48', '2018-07-03', '1', '27', '8');
INSERT INTO `read_statistics_readdetail` VALUES ('49', '2018-07-03', '1', '26', '8');
INSERT INTO `read_statistics_readdetail` VALUES ('50', '2018-07-03', '1', '25', '8');
INSERT INTO `read_statistics_readdetail` VALUES ('51', '2018-07-03', '1', '24', '8');
INSERT INTO `read_statistics_readdetail` VALUES ('52', '2018-07-05', '1', '2', '8');
INSERT INTO `read_statistics_readdetail` VALUES ('53', '2018-07-05', '1', '31', '8');
INSERT INTO `read_statistics_readdetail` VALUES ('54', '2018-07-09', '1', '2', '8');
INSERT INTO `read_statistics_readdetail` VALUES ('55', '2018-07-09', '1', '35', '8');
INSERT INTO `read_statistics_readdetail` VALUES ('56', '2018-07-09', '1', '33', '8');
INSERT INTO `read_statistics_readdetail` VALUES ('57', '2018-07-10', '2', '35', '8');
INSERT INTO `read_statistics_readdetail` VALUES ('58', '2018-07-11', '1', '35', '8');
INSERT INTO `read_statistics_readdetail` VALUES ('59', '2018-08-22', '1', '37', '8');
INSERT INTO `read_statistics_readdetail` VALUES ('60', '2018-08-22', '1', '36', '8');
INSERT INTO `read_statistics_readdetail` VALUES ('61', '2018-08-22', '1', '35', '8');
INSERT INTO `read_statistics_readdetail` VALUES ('62', '2018-11-19', '1', '33', '8');
INSERT INTO `read_statistics_readdetail` VALUES ('63', '2018-11-19', '1', '37', '8');

-- ----------------------------
-- Table structure for `read_statistics_readnum`
-- ----------------------------
DROP TABLE IF EXISTS `read_statistics_readnum`;
CREATE TABLE `read_statistics_readnum` (
  `id` int(11) NOT NULL AUTO_INCREMENT,
  `read_num` int(11) NOT NULL,
  `object_id` int(10) unsigned NOT NULL,
  `content_type_id` int(11) NOT NULL,
  PRIMARY KEY (`id`),
  KEY `read_statistics_read_content_type_id_560f0f39_fk_django_co` (`content_type_id`),
  CONSTRAINT `read_statistics_read_content_type_id_560f0f39_fk_django_co` FOREIGN KEY (`content_type_id`) REFERENCES `django_content_type` (`id`)
) ENGINE=InnoDB AUTO_INCREMENT=17 DEFAULT CHARSET=utf8 COLLATE=utf8_bin;

-- ----------------------------
-- Records of read_statistics_readnum
-- ----------------------------
INSERT INTO `read_statistics_readnum` VALUES ('1', '14', '37', '8');
INSERT INTO `read_statistics_readnum` VALUES ('2', '11', '36', '8');
INSERT INTO `read_statistics_readnum` VALUES ('3', '5', '34', '8');
INSERT INTO `read_statistics_readnum` VALUES ('4', '9', '33', '8');
INSERT INTO `read_statistics_readnum` VALUES ('5', '7', '32', '8');
INSERT INTO `read_statistics_readnum` VALUES ('6', '6', '31', '8');
INSERT INTO `read_statistics_readnum` VALUES ('7', '3', '30', '8');
INSERT INTO `read_statistics_readnum` VALUES ('8', '3', '29', '8');
INSERT INTO `read_statistics_readnum` VALUES ('9', '2', '28', '8');
INSERT INTO `read_statistics_readnum` VALUES ('10', '2', '27', '8');
INSERT INTO `read_statistics_readnum` VALUES ('11', '20', '35', '8');
INSERT INTO `read_statistics_readnum` VALUES ('12', '1', '23', '8');
INSERT INTO `read_statistics_readnum` VALUES ('13', '6', '2', '8');
INSERT INTO `read_statistics_readnum` VALUES ('14', '1', '26', '8');
INSERT INTO `read_statistics_readnum` VALUES ('15', '1', '25', '8');
INSERT INTO `read_statistics_readnum` VALUES ('16', '1', '24', '8');

-- ----------------------------
-- Table structure for `user_profile`
-- ----------------------------
DROP TABLE IF EXISTS `user_profile`;
CREATE TABLE `user_profile` (
  `id` int(11) NOT NULL AUTO_INCREMENT,
  `nickname` varchar(20) COLLATE utf8_bin NOT NULL,
  `user_id` int(11) NOT NULL,
  PRIMARY KEY (`id`),
  UNIQUE KEY `user_id` (`user_id`),
  CONSTRAINT `user_profile_user_id_8fdce8e2_fk_auth_user_id` FOREIGN KEY (`user_id`) REFERENCES `auth_user` (`id`)
) ENGINE=InnoDB AUTO_INCREMENT=3 DEFAULT CHARSET=utf8 COLLATE=utf8_bin;

-- ----------------------------
-- Records of user_profile
-- ----------------------------
INSERT INTO `user_profile` VALUES ('2', '陈相漆', '1');
